Time (sec), Accel X (m/s^2), Accel Y (m/s^2), Accel Z (m/s^2), Gyro X (rad/s), Gyro Y (rad/s), Gyro Z (rad/s), Mag X (μT), Mag Y (μT), Mag Z (μT), Quat X, Quat Y, Quat Z, Quat W, Roll (deg), Pitch (deg), Yaw (deg), Δdistance (m), ΔYaw (rad), ΔX (m), ΔY (m)
1.44308,0.249665,0.198995,-9.49646,-0.000185797,0.00193852,-5.5097e-05,-8.11038e-06,-3.05259e-06,7.98322e-06,0.174425,-0.984525,-0.00769497,0.0150509,178.831,358.456,200.109,0,0,0,0,
1.48368,0.26887,0.212719,-9.48236,0.00032218,0.00131938,-0.000582408,-1.55102e-05,-5.71137e-06,1.45658e-05,0.174263,-0.984554,-0.00768696,0.0150454,178.832,358.456,200.09,0,0,0,0,
1.53045,0.240062,0.187558,-9.5082,0.000365222,-0.000325089,0.000509717,-1.99799e-05,-7.28849e-06,1.75705e-05,0.173706,-0.984653,-0.00768378,0.0150121,178.834,358.459,200.025,0,0,0,0,
1.58153,0.256866,0.19442,-9.5317,0.000911927,0.00167147,0.00106771,-2.24574e-05,-7.66307e-06,1.91432e-05,0.173285,-0.984727,-0.00770477,0.0150465,178.831,358.455,199.976,0,0,0,0,
1.61579,0.27127,0.196707,-9.47296,-0.000114011,1.92933e-05,0.000980679,-2.38258e-05,-8.53982e-06,1.97548e-05,0.17252,-0.984861,-0.00772675,0.0150357,178.83,358.456,199.887,0,0,0,0,
1.64518,0.249665,0.201282,-9.47531,0.000944221,0.000982638,-4.04119e-05,-2.46348e-05,-8.54725e-06,2.02337e-05,0.171984,-0.984954,-0.00774423,0.0150557,178.829,358.453,199.825,0,0,0,0,
1.67044,0.252065,0.176122,-9.50585,0.000899265,0.000935853,-3.84897e-05,-2.388e-05,-8.26301e-06,2.04404e-05,0.171579,-0.985025,-0.00772734,0.0150524,178.831,358.453,199.778,0,0,0,0,
1.69652,0.252065,0.185271,-9.51995,-0.000157105,0.00086627,-0.00108775,-2.42053e-05,-8.88934e-06,2.0548e-05,0.171494,-0.98504,-0.00770736,0.0150604,178.834,358.451,199.768,0,0,0,0,
1.72277,0.261668,0.198995,-9.46356,-0.000681428,0.000787485,0.00100366,-2.415e-05,-9.28432e-06,2.06228e-05,0.17169,-0.985005,-0.00771666,0.0150745,178.832,358.45,199.791,0,0,0,0,
1.74846,0.266469,0.185271,-9.47061,-0.000142206,0.00124426,0.000474125,-2.38333e-05,-8.74061e-06,2.06835e-05,0.171741,-0.984996,-0.00769358,0.0150938,178.834,358.448,199.797,0,0,0,0,
1.77631,0.244863,0.192133,-9.5035,-0.000181016,0.000142908,0.000477605,-2.35707e-05,-8.48272e-06,2.03385e-05,0.171616,-0.985019,-0.00767891,0.0150651,178.836,358.45,199.782,0,0,0,0,
1.80226,0.26887,0.205857,-9.5035,-0.00170524,0.00113714,-6.44252e-05,-2.36097e-05,-8.37623e-06,2.06345e-05,0.171371,-0.985061,-0.00769142,0.0150918,178.835,358.447,199.754,0,0,0,0,
1.82828,0.266469,0.196707,-9.51525,-0.00112979,5.69355e-05,-0.000580646,-2.37512e-05,-8.16531e-06,2.06852e-05,0.17099,-0.985127,-0.00769918,0.0151113,178.834,358.445,199.709,0,0,0,0,
1.85469,0.247264,0.19442,-9.49646,-3.74131e-05,0.00104275,0.000485584,-2.35852e-05,-8.54967e-06,2.09661e-05,0.17083,-0.985155,-0.00770205,0.0151191,178.834,358.444,199.691,0,0,0,0,
1.88015,0.252065,0.196707,-9.5129,0.00100295,-0.000589794,-6.93388e-05,-2.39932e-05,-8.01865e-06,2.08939e-05,0.170336,-0.98524,-0.00771244,0.0151007,178.834,358.445,199.633,0,0,0,0,
1.90969,0.242463,0.212719,-9.47766,0.000437615,0.000960547,0.000405397,-2.4379e-05,-8.98693e-06,2.08185e-05,0.170147,-0.985273,-0.00770017,0.0150838,178.836,358.447,199.611,0,0,0,0,
1.93589,0.266469,0.19442,-9.5223,-8.99993e-05,0.000939839,0.000373583,-2.39917e-05,-9.07736e-06,2.08041e-05,0.170321,-0.985243,-0.00770788,0.0150849,178.835,358.447,199.632,0,0,0,0,
1.96221,0.249665,0.201282,-9.46826,0.00147216,0.000400826,-0.000150982,-2.40027e-05,-9.13926e-06,2.10364e-05,0.170561,-0.985202,-0.00771105,0.0150735,178.834,358.449,199.66,0,0,0,0,
1.98874,0.252065,0.196707,-9.49176,-0.00115685,0.000381744,0.000388008,-2.42839e-05,-9.45014e-06,2.09295e-05,0.170913,-0.98514,-0.00773424,0.0150797,178.831,358.449,199.7,0,0,0,0,
2.01862,0.252065,0.205857,-9.46826,-0.000605682,0.000379531,0.00142363,-2.4159e-05,-9.14427e-06,2.07893e-05,0.171216,-0.985088,-0.00773826,0.0150642,178.83,358.451,199.736,0,0,0,0,
2.04532,0.254466,0.221868,-9.5035,0.000449225,-0.000170343,-0.000164483,-2.41224e-05,-8.92597e-06,2.00397e-05,0.171266,-0.985079,-0.00776752,0.0150613,178.827,358.452,199.742,0,0,0,0,
2.07115,0.252065,0.212719,-9.50115,-6.64275e-05,-0.000187259,-0.000144139,-2.40852e-05,-8.78068e-06,2.03021e-05,0.171209,-0.985089,-0.00780222,0.015054,178.823,358.454,199.735,0,0,0,0,
2.09768,0.240062,0.182984,-9.47766,0.000975315,0.00131696,-0.00120088,-2.43295e-05,-8.69543e-06,2.02169e-05,0.171068,-0.985114,-0.00777877,0.0150481,178.826,358.454,199.719,0,0,0,0,
2.12704,0.266469,0.196707,-9.49646,-5.76098e-05,-0.000247451,-0.000634395,-2.42001e-05,-9.328e-06,2.01444e-05,0.171345,-0.985065,-0.00778276,0.0150541,178.825,358.453,199.751,0,0,0,0,
2.15233,0.256866,0.208144,-9.49411,0.000983713,-0.00127425,-0.00214955,-2.41408e-05,-9.30152e-06,2.03668e-05,0.171668,-0.985009,-0.00777634,0.0150601,178.825,358.453,199.788,0,0,0,0,
2.17859,0.252065,0.185271,-9.49881,0.000417586,0.00132031,-0.00104617,-2.40969e-05,-9.02104e-06,2.05115e-05,0.171827,-0.984982,-0.00775002,0.0150623,178.828,358.452,199.807,0,0,0,0,
2.2048,0.247264,0.173834,-9.51055,0.000410218,-0.000250373,0.000523977,-2.40596e-05,-8.83781e-06,2.10989e-05,0.171839,-0.98498,-0.00771218,0.0150253,178.833,358.456,199.808,0,0,0,0,
2.23511,0.261668,0.201282,-9.50115,0.000418209,0.000793662,0.000499215,-2.36998e-05,-9.45483e-06,2.09387e-05,0.172481,-0.984868,-0.00771432,0.0150422,178.832,358.455,199.883,0,0,0,0,
2.26114,0.259267,0.203569,-9.50585,-0.000627771,0.00127517,-3.13297e-05,-2.38055e-05,-9.11544e-06,2.13723e-05,0.172731,-0.984823,-0.00773838,0.0150671,178.828,358.453,199.912,0,0,0,0,
2.28797,0.247264,0.196707,-9.49881,-5.35641e-05,-0.00034342,0.000476941,-2.36292e-05,-9.16146e-06,2.09111e-05,0.172975,-0.984781,-0.00775647,0.0150463,178.826,358.456,199.94,0,0,0,0,
2.33088,0.261668,0.19442,-9.50115,-6.19963e-05,0.000681853,-2.65539e-05,-2.31013e-05,-8.12422e-06,2.01932e-05,0.172723,-0.984825,-0.00774829,0.0150757,178.827,358.452,199.911,0,0,0,0,
2.37675,0.244863,0.187558,-9.48706,-0.00057493,0.000716478,1.25617e-05,-2.32128e-05,-8.77883e-06,2.09444e-05,0.172718,-0.984826,-0.00771473,0.0150753,178.83,358.451,199.91,0,0,0,0,
2.40969,0.249665,0.19442,-9.49411,0.000986572,0.00175365,0.00103804,-2.39698e-05,-8.66417e-06,2.05154e-05,0.172572,-0.984851,-0.00770859,0.015073,178.831,358.451,199.893,0,0,0,0,
2.43889,0.252065,0.201282,-9.50585,-7.21719e-05,0.000665804,0.000507168,-2.43432e-05,-8.24571e-06,2.06343e-05,0.171868,-0.984974,-0.00774761,0.0150598,178.828,358.453,199.812,0,0,0,0,
2.46569,0.256866,0.196707,-9.48236,-0.000575515,0.000646615,-0.00208841,-2.42336e-05,-8.87054e-06,2.09254e-05,0.171709,-0.985002,-0.00776313,0.0150437,178.827,358.455,199.793,0,0,0,0,
2.49167,0.252065,0.19442,-9.49881,-0.000548113,0.00061583,-0.000443615,-2.41517e-05,-8.74335e-06,2.11164e-05,0.171607,-0.98502,-0.00777415,0.0150552,178.826,358.453,199.781,0,0,0,0,
2.52148,0.264068,0.203569,-9.5035,-1.48714e-05,-0.000465903,-0.00041201,-2.47265e-05,-8.79752e-06,2.07335e-05,0.171187,-0.985093,-0.00780224,0.0150572,178.823,358.453,199.732,0,0,0,0,
2.54871,0.264068,0.19442,-9.50585,-0.00102772,-0.000950499,0.000633676,-2.44718e-05,-8.69848e-06,2.07462e-05,0.170966,-0.985131,-0.00782074,0.0150605,178.822,358.453,199.707,0,0,0,0,
2.57755,0.256866,0.180696,-9.5223,0.00106084,0.000120824,9.67272e-05,-2.45665e-05,-8.37742e-06,2.07508e-05,0.170562,-0.985201,-0.00780987,0.0150733,178.823,358.451,199.66,0,0,0,0,
2.6071,0.249665,0.176122,-9.48471,-0.00052244,-0.000370055,7.76872e-05,-2.35642e-05,-8.06996e-06,2.14493e-05,0.169905,-0.985315,-0.0078148,0.0150362,178.824,358.454,199.583,0,0,0,0,
2.63456,0.261668,0.205857,-9.48471,9.21264e-06,0.000166852,4.89615e-05,-2.45233e-05,-8.25232e-06,2.09394e-05,0.169401,-0.985402,-0.00783411,0.0150328,178.823,358.454,199.525,0,0,0,0,
2.664,0.244863,0.203569,-9.51525,0.000528065,-0.00138645,0.00159198,-2.43464e-05,-8.35141e-06,2.06305e-05,0.168977,-0.985474,-0.00785474,0.0150115,178.822,358.457,199.475,0,0,0,0,
2.69628,0.247264,0.187558,-9.5035,-3.45893e-06,-0.000262855,8.46758e-06,-2.34844e-05,-8.42396e-06,2.00431e-05,0.168753,-0.985513,-0.00785657,0.0149881,178.822,358.459,199.449,0,0,0,0,
2.72856,0.244863,0.208144,-9.47061,-1.54264e-05,-0.000244005,-0.000486996,-2.34021e-05,-8.82379e-06,2.00666e-05,0.16899,-0.985473,-0.00787012,0.0149606,178.821,358.463,199.477,0,0,0,0,
2.76687,0.254466,0.189846,-9.46591,-1.46907e-05,-0.00127097,0.000574771,-2.31133e-05,-9.23248e-06,2.0079e-05,0.169544,-0.985378,-0.00785524,0.0149397,178.822,358.466,199.541,0,0,0,0,
2.79992,0.225658,0.185271,-9.49176,-1.30311e-05,0.000838844,5.06118e-05,-2.40899e-05,-9.25509e-06,2.04728e-05,0.170365,-0.985237,-0.00786705,0.0149236,178.82,358.469,199.637,0,0,0,0,
2.82793,0.259267,0.208144,-9.50115,-0.000531701,0.000279613,0.000580009,-2.40585e-05,-8.72778e-06,2.05817e-05,0.170371,-0.985235,-0.00789005,0.0149358,178.817,358.468,199.637,0,0,0,0,
2.86069,0.27127,0.176122,-9.527,-0.00101378,0.000284305,0.000551596,-2.41773e-05,-8.4185e-06,2.08695e-05,0.169984,-0.985302,-0.00787134,0.0149377,178.82,358.467,199.592,0,0,0,0,
2.89376,0.244863,0.196707,-9.50585,3.55355e-05,0.000815086,-0.000488222,-2.46534e-05,-8.73119e-06,2.08192e-05,0.169757,-0.985341,-0.00788674,0.0149313,178.819,358.467,199.566,0,0,0,0,
2.9265,0.273671,0.187558,-9.5082,-0.00098083,-0.000799997,-0.000478197,-2.43438e-05,-8.6293e-06,2.07946e-05,0.169492,-0.985386,-0.00789826,0.0149682,178.817,358.463,199.535,0,0,0,0,
2.95834,0.252065,0.189846,-9.52935,-0.00040454,-0.000274006,0.00111371,-2.41777e-05,-8.92814e-06,2.16089e-05,0.169508,-0.985384,-0.00790269,0.0149527,178.817,358.465,199.537,0,0,0,0,
2.98709,0.235261,0.178409,-9.49881,-0.000385281,0.000233302,9.71854e-05,-2.3857e-05,-8.7762e-06,2.13123e-05,0.169596,-0.985369,-0.00788608,0.0149506,178.818,358.465,199.547,0,0,0,0,
3.01647,0.254466,0.208144,-9.48941,-0.000407545,-0.000327174,-0.0019499,-2.35645e-05,-8.28461e-06,2.13935e-05,0.169378,-0.985406,-0.00788953,0.0149561,178.818,358.464,199.522,0,0,0,0,
3.04545,0.26887,0.201282,-9.47531,0.000625415,-0.00032411,0.000207592,-2.37189e-05,-8.3665e-06,2.16634e-05,0.169154,-0.985444,-0.00790513,0.0149659,178.817,358.463,199.496,0,0,0,0,
3.07484,0.261668,0.160111,-9.5082,0.000618823,0.00224576,0.000217669,-2.38682e-05,-8.70492e-06,2.13839e-05,0.169072,-0.985458,-0.00785839,0.0150047,178.821,358.458,199.486,0,0,0,0,
3.10336,0.247264,0.189846,-9.5082,0.00058936,9.92138e-05,0.000726596,-2.41919e-05,-8.90863e-06,2.11542e-05,0.169156,-0.985444,-0.00782574,0.0149939,178.825,358.458,199.496,0,0,0,0,
3.13416,0.254466,0.198995,-9.48471,-0.000466688,0.000104425,0.000193272,-2.44808e-05,-9.4426e-06,2.09518e-05,0.169607,-0.985366,-0.00782896,0.015,178.824,358.458,199.549,0,0,0,0,
3.16046,0.252065,0.19442,-9.49881,-0.000482006,0.000606231,0.00018407,-2.4304e-05,-8.84593e-06,2.11356e-05,0.169706,-0.98535,-0.00779858,0.0149983,178.827,358.458,199.56,0,0,0,0,
3.18713,0.266469,0.212719,-9.5082,-0.00099086,0.00112168,0.000694595,-2.36683e-05,-8.45416e-06,2.10176e-05,0.169566,-0.985373,-0.00783783,0.015007,178.823,358.458,199.544,0,0,0,0,
3.22175,0.237661,0.185271,-9.52465,-0.000958484,7.84304e-05,-0.000875052,-2.42033e-05,-8.85209e-06,2.0962e-05,0.169548,-0.985378,-0.0078318,0.0149305,178.825,358.466,199.542,0,0,0,0,
3.24849,0.240062,0.182984,-9.50115,0.000594974,-0.000469619,-0.00137771,-2.38687e-05,-8.72567e-06,2.11457e-05,0.169577,-0.985373,-0.00781281,0.0149135,178.827,358.468,199.545,0,0,0,0,
3.27829,0.244863,0.198995,-9.49411,5.87273e-05,9.5319e-05,0.000165664,-2.3575e-05,-7.90654e-06,2.06407e-05,0.169003,-0.985472,-0.00783481,0.0148797,178.827,358.471,199.478,0,0,0,0,
3.30588,0.244863,0.180696,-9.47531,4.34183e-05,0.000115806,-0.000374027,-2.37407e-05,-8.39179e-06,2.06844e-05,0.168755,-0.985515,-0.00783566,0.0148569,178.827,358.474,199.449,0,0,0,0,
3.33285,0.23046,0.196707,-9.5223,0.00054813,0.00061707,-0.000862997,-2.35622e-05,-8.16567e-06,2.12178e-05,0.168489,-0.985561,-0.00784417,0.0148443,178.827,358.475,199.418,0,0,0,0,
3.36252,0.266469,0.187558,-9.48706,2.37487e-06,0.000103688,0.00122561,-2.35189e-05,-8.42572e-06,2.1251e-05,0.168321,-0.985589,-0.00785043,0.0148726,178.826,358.472,199.399,0,0,0,0,
3.39026,0.266469,0.198995,-9.48706,-0.000504516,0.000643067,0.000166215,-2.36943e-05,-8.45867e-06,2.13248e-05,0.16824,-0.985602,-0.00785815,0.0148842,178.825,358.47,199.39,0,0,0,0,
3.42094,0.273671,0.203569,-9.49176,0.000544941,-0.000366716,-0.000884093,-2.42101e-05,-8.49773e-06,2.10455e-05,0.167998,-0.985644,-0.00787552,0.0148902,178.823,358.47,199.361,0,0,0,0,
3.44614,0.235261,0.203569,-9.49881,-2.96161e-07,-0.000361769,-0.000841998,-2.44107e-05,-8.77603e-06,2.09377e-05,0.167943,-0.985653,-0.00788098,0.0148777,178.823,358.471,199.355,0,0,0,0,
3.47498,0.240062,0.212719,-9.49881,1.2232e-05,0.000162231,-0.000307642,-2.42651e-05,-8.68286e-06,2.11242e-05,0.167885,-0.985663,-0.00790017,0.0148806,178.821,358.471,199.348,0,0,0,0,
3.50436,0.23046,0.201282,-9.51995,0.00053036,0.000150783,-0.000335082,-2.42008e-05,-8.16721e-06,2.08928e-05,0.167548,-0.985721,-0.00790662,0.0148374,178.822,358.476,199.309,0,0,0,0,
3.53056,0.242463,0.210431,-9.51055,-1.41822e-05,-0.000388198,0.00122623,-2.44002e-05,-8.56264e-06,2.10873e-05,0.167303,-0.985762,-0.00793237,0.0148284,178.819,358.477,199.281,0,0,0,0,
3.56072,0.247264,0.178409,-9.47531,-1.35079e-05,-0.000382228,-0.000339974,-2.45219e-05,-8.55217e-06,2.12142e-05,0.167143,-0.98579,-0.00791688,0.0148225,178.821,358.477,199.262,0,0,0,0,
3.59187,0.256866,0.192133,-9.48001,0.00203928,-0.000899272,0.00172394,-2.39191e-05,-8.52967e-06,2.10047e-05,0.167018,-0.985811,-0.00787838,0.0147867,178.827,358.48,199.247,0,0,0,0,
3.61973,0.259267,0.205857,-9.48706,-9.74387e-05,-0.000868969,0.000628307,-2.39517e-05,-8.78688e-06,2.14122e-05,0.1671,-0.985798,-0.0078867,0.0147781,178.826,358.481,199.257,0,0,0,0,
3.64907,0.26887,0.198995,-9.48001,-0.00064709,0.000193689,0.000583973,-2.39068e-05,-9.44568e-06,2.11812e-05,0.167661,-0.985702,-0.0078923,0.0147976,178.824,358.48,199.322,0,0,0,0,
3.67833,0.225658,0.185271,-9.5035,0.000409788,0.000703758,3.68804e-05,-2.42108e-05,-9.11918e-06,2.10268e-05,0.168001,-0.985644,-0.00790008,0.0147775,178.823,358.483,199.362,0,0,0,0,
3.70813,0.23286,0.196707,-9.49646,-0.000645196,0.000172347,0.000516634,-2.44842e-05,-9.54788e-06,2.12219e-05,0.168645,-0.985535,-0.00789422,0.0147623,178.823,358.485,199.436,0,0,0,0,
3.73697,0.247264,0.182984,-9.5035,-0.00109623,0.00120272,0.000529576,-2.40472e-05,-8.90929e-06,2.1067e-05,0.168888,-0.985493,-0.00787702,0.0147604,178.824,358.485,199.465,0,0,0,0,
3.76389,0.254466,0.205857,-9.5129,0.000970563,-0.000374874,0.000529386,-2.35203e-05,-9.02365e-06,2.07216e-05,0.169185,-0.985442,-0.00787702,0.0147679,178.824,358.485,199.499,0,0,0,0,
3.7952,0.259267,0.189846,-9.5223,-0.000123989,-0.00039757,-0.000534035,-2.30435e-05,-8.59261e-06,2.08499e-05,0.169602,-0.98537,-0.00787671,0.014786,178.823,358.483,199.548,0,0,0,0,
3.83397,0.237661,0.192133,-9.5035,-0.000105573,0.000128133,-1.83284e-06,-2.31252e-05,-8.29792e-06,2.08289e-05,0.169538,-0.985381,-0.007891,0.0147773,178.821,358.485,199.54,0,0,0,0,
3.88086,0.256866,0.178409,-9.53405,0.000399401,-0.000922056,-0.000545975,-2.3038e-05,-8.33836e-06,2.14605e-05,0.169092,-0.985459,-0.00786468,0.0147344,178.826,358.488,199.488,0,0,0,0,
3.92717,0.240062,0.192133,-9.48941,-0.000673121,-0.000368999,0.000541016,-2.32224e-05,-8.45806e-06,2.00823e-05,0.169076,-0.985462,-0.00787509,0.014695,178.826,358.493,199.486,0,0,0,0,
3.95407,0.259267,0.205857,-9.48471,-0.00117288,-0.000363944,0.00051526,-2.29761e-05,-8.20593e-06,2.03435e-05,0.168982,-0.985478,-0.00788732,0.0147053,178.824,358.492,199.476,0,0,0,0,
3.98405,0.249665,0.198995,-9.5317,0.000418309,0.000675894,-0.000584405,-2.29165e-05,-8.82932e-06,2.1153e-05,0.169625,-0.985368,-0.00784828,0.0147052,178.827,358.492,199.55,0,0,0,0,
4.01026,0.237661,0.182984,-9.52935,-0.000615163,0.000136936,0.00153309,-2.30544e-05,-8.71481e-06,2.07731e-05,0.169883,-0.985324,-0.00784287,0.0146869,178.828,358.494,199.58,0,0,0,0,
4.03814,0.276071,0.180696,-9.49646,-7.90972e-05,0.000649707,0.00045906,-2.31485e-05,-8.90506e-06,2.05276e-05,0.170203,-0.985268,-0.00783081,0.0147117,178.828,358.492,199.617,0,0,0,0,
4.06852,0.259267,0.19442,-9.5223,0.000458287,0.00116009,0.000958771,-2.28728e-05,-9.06215e-06,2.03226e-05,0.170902,-0.985147,-0.00781586,0.0147408,178.829,358.489,199.699,0,0,0,0,
4.09549,0.261668,0.198995,-9.48236,0.00096827,0.000103815,0.000900608,-2.32867e-05,-9.12952e-06,2.07282e-05,0.171323,-0.985073,-0.00781748,0.0147561,178.827,358.488,199.748,0,0,0,0,
4.1221,0.264068,0.192133,-9.48941,-0.000103898,9.88711e-05,0.000882752,-2.35352e-05,-8.6437e-06,2.124e-05,0.171388,-0.985062,-0.00781536,0.0147623,178.827,358.487,199.755,0,0,0,0,
4.14784,0.256866,0.208144,-9.49411,-8.64379e-05,0.000106677,0.000346463,-2.3447e-05,-8.85584e-06,2.13212e-05,0.17149,-0.985044,-0.00782952,0.0147664,178.826,358.487,199.767,0,0,0,0,
4.17778,0.240062,0.212719,-9.5176,-0.00109389,0.000643166,0.000915173,-2.34642e-05,-9.04197e-06,2.13896e-05,0.17181,-0.984988,-0.00787276,0.0147596,178.82,358.489,199.805,0,0,0,0,
4.20366,0.225658,0.192133,-9.5082,-0.000547547,9.32533e-05,-0.000141952,-2.39334e-05,-9.12434e-06,2.11579e-05,0.172004,-0.984954,-0.00789681,0.014747,178.818,358.491,199.827,0,0,0,0,
4.23027,0.26887,0.176122,-9.50115,-0.00057153,-0.000417963,0.000396609,-2.42324e-05,-8.91537e-06,2.07646e-05,0.172044,-0.984947,-0.0078653,0.0147638,178.821,358.489,199.832,0,0,0,0,
4.25921,0.264068,0.19442,-9.48941,-0.00106271,6.94599e-05,-0.000125337,-2.37709e-05,-8.71563e-06,2.07745e-05,0.171976,-0.984959,-0.00785495,0.0147445,178.822,358.49,199.824,0,0,0,0,
4.2859,0.23286,0.182984,-9.48001,0.000508226,-0.00042811,-0.000119369,-2.33376e-05,-8.63618e-06,2.05367e-05,0.171963,-0.984962,-0.00785125,0.0147366,178.823,358.491,199.822,0,0,0,0,
4.31173,0.261668,0.180696,-9.46356,-1.02352e-05,0.000593314,-0.00165905,-2.3849e-05,-9.12445e-06,2.11045e-05,0.172156,-0.984928,-0.00784216,0.0147565,178.823,358.489,199.845,0,0,0,0,
4.33843,0.220857,0.178409,-9.48706,0.00049703,-0.000461003,-0.000579011,-2.39265e-05,-9.43665e-06,2.07315e-05,0.172534,-0.984863,-0.00782405,0.01471,178.826,358.494,199.889,0,0,0,0,
4.3691,0.23286,0.185271,-9.49411,-4.4819e-05,-0.000416262,-4.32879e-05,-2.38966e-05,-9.13656e-06,2.05523e-05,0.172807,-0.984815,-0.0077987,0.0146793,178.829,358.498,199.92,0,0,0,0,
4.39639,0.264068,0.196707,-9.49881,-0.000561975,-0.000903221,-5.3741e-05,-2.34193e-05,-9.16725e-06,2.06395e-05,0.173111,-0.984762,-0.00780174,0.0146764,178.828,358.498,199.956,0,0,0,0,
4.42321,0.264068,0.208144,-9.51055,-0.0015738,0.00016585,-0.00108976,-2.36293e-05,-8.67156e-06,2.06884e-05,0.173097,-0.984764,-0.007834,0.0146769,178.824,358.499,199.954,0,0,0,0,
4.45222,0.264068,0.176122,-9.49881,-0.000461107,0.000660924,0.00102675,-2.31127e-05,-8.94008e-06,2.07403e-05,0.173333,-0.984722,-0.00781647,0.0146967,178.826,358.497,199.982,0,0,0,0,
4.47883,0.259267,0.182984,-9.49411,-0.000489205,-0.000371585,-0.000554979,-2.36862e-05,-8.26665e-06,2.09968e-05,0.17305,-0.984772,-0.00781994,0.0146976,178.826,358.496,199.949,0,0,0,0,
4.50503,0.249665,0.187558,-9.52465,0.000560157,0.000140371,-0.000528555,-2.35378e-05,-8.35099e-06,2.11679e-05,0.172719,-0.98483,-0.00781856,0.0147033,178.826,358.495,199.91,0,0,0,0,
4.53124,0.244863,0.189846,-9.49881,-0.00101187,0.000146201,0.000522681,-2.34579e-05,-8.67222e-06,2.07803e-05,0.172621,-0.984847,-0.00782451,0.0147071,178.826,358.495,199.899,0,0,0,0,
4.5623,0.244863,0.198995,-9.49881,2.36332e-05,0.000667386,-0.000454184,-2.31303e-05,-9.04005e-06,2.02731e-05,0.173029,-0.984776,-0.00781164,0.0147245,178.826,358.493,199.946,0,0,0,0,
4.58889,0.240062,0.185271,-9.49411,4.75347e-05,-0.000390457,6.17057e-05,-2.34489e-05,-8.59201e-06,2.02065e-05,0.173021,-0.984777,-0.00781174,0.0147246,178.826,358.493,199.945,0,0,0,0,
4.62159,0.244863,0.201282,-9.50585,4.52716e-05,-0.000928696,0.000590574,-2.39119e-05,-8.30929e-06,2.04054e-05,0.172662,-0.98484,-0.00780808,0.0147135,178.827,358.494,199.903,0,0,0,0,
4.66864,0.259267,0.185271,-9.5129,0.000596995,0.000158984,0.000126313,-2.38064e-05,-8.43135e-06,2.06237e-05,0.172041,-0.984949,-0.00782458,0.01468,178.827,358.497,199.831,0,0,0,0,
4.71389,0.261668,0.19442,-9.52465,0.000590358,0.000712348,9.01446e-05,-2.47938e-05,-8.36784e-06,2.02924e-05,0.170787,-0.985167,-0.00787863,0.014667,178.823,358.498,199.685,0,0,0,0,
4.74281,0.242463,0.192133,-9.49881,-0.000427617,-0.000289809,0.000615589,-2.4406e-05,-7.7313e-06,2.01959e-05,0.16963,-0.985367,-0.00788465,0.014678,178.824,358.496,199.551,0,0,0,0,
4.7691,0.266469,0.212719,-9.51995,0.00165739,0.000737544,5.44749e-05,-2.37348e-05,-8.00248e-06,2.06612e-05,0.169027,-0.98547,-0.007911,0.0146972,178.821,358.493,199.481,0,0,0,0,
4.79536,0.249665,0.189846,-9.48236,4.56329e-05,0.000727454,6.43954e-05,-2.3822e-05,-7.92239e-06,2.1197e-05,0.168502,-0.98556,-0.00790359,0.0147076,178.823,358.491,199.42,0,0,0,0,
4.82479,0.240062,0.205857,-9.50115,-0.00043964,-0.000325218,-0.000459138,-2.38089e-05,-7.87025e-06,2.14164e-05,0.167912,-0.98566,-0.0079275,0.0147131,178.821,358.491,199.351,0,0,0,0,
4.85112,0.237661,0.178409,-9.50585,0.000619873,0.0012106,0.000601307,-2.44013e-05,-7.85138e-06,2.14213e-05,0.167266,-0.985771,-0.00789673,0.0146972,178.826,358.491,199.276,0,0,0,0,
4.87748,0.252065,0.187558,-9.49646,7.10692e-05,-0.000924204,-0.000465903,-2.37364e-05,-8.08119e-06,2.11981e-05,0.166853,-0.985841,-0.00789183,0.014705,178.827,358.49,199.228,0,0,0,0,
4.90828,0.261668,0.208144,-9.47766,9.07797e-05,0.000129839,9.87761e-05,-2.31534e-05,-8.27805e-06,2.13398e-05,0.166688,-0.985868,-0.00790781,0.0147267,178.825,358.487,199.209,0,0,0,0,
4.93535,0.254466,0.196707,-9.49881,-0.000952125,-0.000370605,9.4071e-05,-2.3465e-05,-8.36601e-06,2.11342e-05,0.166644,-0.985876,-0.00792656,0.0147023,178.823,358.49,199.204,0,0,0,0,
4.96254,0.254466,0.189846,-9.48941,0.000119278,-0.00137903,0.000114616,-2.36644e-05,-8.42231e-06,2.10026e-05,0.166607,-0.985882,-0.0079355,0.0147006,178.822,358.491,199.199,0,0,0,0,
4.99202,0.237661,0.192133,-9.48706,0.000642667,-0.000304801,0.000675265,-2.38378e-05,-8.32623e-06,2.06919e-05,0.166503,-0.9859,-0.00792462,0.0146829,178.824,358.492,199.187,0,0,0,0,
5.01955,0.254466,0.203569,-9.49881,0.00110633,-0.000315314,0.00118743,-2.36407e-05,-8.65265e-06,2.09704e-05,0.166575,-0.985888,-0.00790972,0.01469,178.826,358.491,199.196,0,0,0,0,
5.04721,0.259267,0.185271,-9.49176,4.01009e-05,0.000193963,7.97994e-05,-2.40438e-05,-8.35181e-06,2.03995e-05,0.166456,-0.985907,-0.00790801,0.0147098,178.826,358.489,199.182,0,0,0,0,
5.07755,0.273671,0.180696,-9.49176,-0.00101352,-0.000338711,-0.000420399,-2.36885e-05,-8.78685e-06,2.02491e-05,0.166655,-0.985874,-0.007899,0.0147382,178.826,358.486,199.205,0,0,0,0,
5.10516,0.244863,0.19442,-9.48706,7.33156e-05,-0.000310071,-0.000437919,-2.35485e-05,-8.68763e-06,2.01946e-05,0.166843,-0.985842,-0.00791315,0.0147223,178.824,358.488,199.227,0,0,0,0,
5.1323,0.259267,0.198995,-9.48236,0.000589117,0.000223981,-0.000948872,-2.39965e-05,-8.90128e-06,1.98983e-05,0.167053,-0.985806,-0.00792499,0.0147188,178.823,358.489,199.251,0,0,0,0,
5.16166,0.261668,0.208144,-9.5176,-0.000515457,0.000751892,0.000131942,-2.36627e-05,-9.06752e-06,2.00804e-05,0.167597,-0.985713,-0.00792817,0.0147648,178.82,358.484,199.315,0,0,0,0,
5.18823,0.242463,0.187558,-9.5176,-0.000490915,0.000209315,-0.000406142,-2.38014e-05,-9.13667e-06,2.00785e-05,0.168008,-0.985643,-0.0079334,0.0147515,178.819,358.486,199.362,0,0,0,0,
5.21506,0.252065,0.180696,-9.49646,5.17499e-05,-0.000319941,-0.000906095,-2.36207e-05,-8.91152e-06,2.00854e-05,0.16833,-0.985589,-0.00793015,0.0147431,178.819,358.488,199.4,0,0,0,0,
5.24453,0.244863,0.196707,-9.48001,-0.00045868,0.00123578,-0.000347894,-2.3456e-05,-8.35894e-06,2.00946e-05,0.168351,-0.985585,-0.0079316,0.0147505,178.819,358.487,199.402,0,0,0,0,
5.27197,0.252065,0.173834,-9.53405,6.99367e-05,-0.000343392,0.000719763,-2.36679e-05,-8.4215e-06,1.98425e-05,0.168281,-0.985597,-0.00789618,0.0147409,178.823,358.487,199.394,0,0,0,0,
5.2993,0.266469,0.192133,-9.51525,-0.000440171,0.000192247,0.000710521,-2.4073e-05,-8.73096e-06,1.9673e-05,0.168296,-0.985595,-0.00788361,0.0147648,178.824,358.484,199.396,0,0,0,0,
5.32997,0.261668,0.198995,-9.51995,-0.0009281,-0.000859596,-0.000884973,-2.44211e-05,-8.9981e-06,1.97018e-05,0.168445,-0.985569,-0.0078947,0.0147674,178.823,358.484,199.413,0,0,0,0,
5.35804,0.252065,0.187558,-9.48001,-0.000871399,0.0002074,0.000183232,-2.32127e-05,-8.79963e-06,2.06041e-05,0.168705,-0.985524,-0.00790564,0.0147839,178.821,358.483,199.443,0,0,0,0,
5.38881,0.249665,0.203569,-9.49646,-0.000352282,0.000699544,0.000195026,-2.36124e-05,-8.66686e-06,2.03491e-05,0.168902,-0.98549,-0.00791306,0.0148193,178.819,358.479,199.466,0,0,0,0,
5.4164,0.223258,0.205857,-9.48706,-0.000360535,0.000146946,-0.000333548,-2.4027e-05,-8.62259e-06,2.02469e-05,0.168851,-0.985499,-0.00792121,0.0147801,178.819,358.484,199.46,0,0,0,0,
5.44346,0.249665,0.198995,-9.48941,-0.000355883,-0.000341801,-0.000317667,-2.37709e-05,-8.84604e-06,2.01909e-05,0.168964,-0.98548,-0.00792601,0.0147632,178.819,358.486,199.474,0,0,0,0,
5.47424,0.244863,0.198995,-9.5129,-0.000355799,0.000708686,-0.000357211,-2.32606e-05,-8.76293e-06,2.11565e-05,0.1693,-0.985422,-0.00792446,0.0147698,178.818,358.486,199.513,0,0,0,0,
5.50031,0.252065,0.171547,-9.50115,0.00068721,0.000168167,-0.000327691,-2.37985e-05,-8.94389e-06,2.12561e-05,0.169529,-0.985383,-0.0078956,0.0147584,178.821,358.487,199.539,0,0,0,0,
5.53139,0.252065,0.187558,-9.48236,0.000131641,0.000663381,0.000177488,-2.31709e-05,-8.35999e-06,2.1708e-05,0.169532,-0.985382,-0.00788167,0.0147774,178.822,358.484,199.54,0,0,0,0,
5.55935,0.240062,0.19442,-9.48001,0.000137886,0.000112506,-0.000337739,-2.29503e-05,-8.66839e-06,2.16266e-05,0.169682,-0.985357,-0.00788457,0.0147661,178.822,358.486,199.557,0,0,0,0,
5.58773,0.259267,0.203569,-9.48236,0.000650611,0.000651466,-0.00085346,-2.33245e-05,-8.35043e-06,2.15675e-05,0.16962,-0.985367,-0.00789005,0.0147704,178.822,358.485,199.55,0,0,0,0,
5.61852,0.273671,0.198995,-9.48706,8.57152e-05,0.000160078,0.000158958,-2.3916e-05,-8.00631e-06,2.12472e-05,0.169181,-0.985443,-0.00787873,0.0147801,178.823,358.484,199.499,0,0,0,0,
5.64553,0.244863,0.178409,-9.49411,-0.000475196,0.00117852,-0.000380415,-2.42062e-05,-7.93258e-06,2.13188e-05,0.168573,-0.985547,-0.00785982,0.0147601,178.827,358.485,199.428,0,0,0,0,
5.67543,0.240062,0.192133,-9.50585,-0.000491114,0.000155982,0.00116676,-2.37387e-05,-8.20489e-06,2.20644e-05,0.167941,-0.985655,-0.00789793,0.0147393,178.824,358.487,199.355,0,0,0,0,
5.70201,0.266469,0.198995,-9.47296,-0.000467733,-0.00140932,-0.000421632,-2.35597e-05,-7.78438e-06,2.18559e-05,0.167452,-0.985738,-0.00790311,0.0147359,178.824,358.487,199.298,0,0,0,0,
5.73006,0.247264,0.192133,-9.47296,0.000605633,0.000684895,0.000637025,-2.34568e-05,-8.04233e-06,2.17177e-05,0.167076,-0.985802,-0.00791615,0.0147223,178.823,358.488,199.254,0,0,0,0,
5.7609,0.225658,0.205857,-9.49411,-0.000475682,0.00118058,0.00109915,-2.38503e-05,-9.07249e-06,2.08222e-05,0.167109,-0.985797,-0.00795739,0.0146985,178.819,358.492,199.258,0,0,0,0,
5.78881,0.256866,0.192133,-9.51995,-0.000440519,0.000655135,3.32706e-05,-2.39215e-05,-9.13986e-06,2.05532e-05,0.167514,-0.985728,-0.00795248,0.0146996,178.819,358.492,199.305,0,0,0,0,
5.81943,0.254466,0.187558,-9.49646,-0.000410039,0.00117765,-0.000476457,-2.36117e-05,-8.83057e-06,2.06663e-05,0.167938,-0.985656,-0.00795664,0.0146861,178.818,358.494,199.354,0,0,0,0,
5.84634,0.247264,0.205857,-9.49646,0.000103749,0.000627313,-0.00045377,-2.37642e-05,-8.98317e-06,2.07008e-05,0.168215,-0.985609,-0.00796304,0.0146969,178.817,358.493,199.386,0,0,0,0,
5.87391,0.254466,0.19442,-9.49646,9.88096e-05,-0.000416109,0.000631444,-2.41287e-05,-8.82688e-06,2.02246e-05,0.168349,-0.985586,-0.00795627,0.0146995,178.817,358.493,199.402,0,0,0,0,
5.90509,0.261668,0.196707,-9.49881,0.000116864,0.00113358,0.00272541,-2.3355e-05,-8.49187e-06,2.05955e-05,0.168523,-0.985556,-0.0079418,0.0147154,178.818,358.491,199.422,0,0,0,0,
5.93149,0.252065,0.187558,-9.5176,-0.000407992,0.00110464,4.92483e-05,-2.3579e-05,-8.2356e-06,2.1155e-05,0.168342,-0.985587,-0.00793951,0.0147189,178.819,358.491,199.401,0,0,0,0,
5.95929,0.256866,0.196707,-9.48471,0.000130724,-0.000493316,5.94147e-05,-2.34633e-05,-8.06757e-06,2.12715e-05,0.168046,-0.985637,-0.00793314,0.0147195,178.82,358.49,199.367,0,0,0,0,
5.9888,0.261668,0.201282,-9.48941,-0.000372766,0.000567861,-0.00048849,-2.37486e-05,-8.64929e-06,2.06876e-05,0.167982,-0.985648,-0.00792111,0.0147244,178.821,358.489,199.359,0,0,0,0,
6.01648,0.242463,0.201282,-9.48001,0.000646025,0.00107263,1.65217e-05,-2.35673e-05,-8.33047e-06,2.12198e-05,0.167866,-0.985668,-0.00792388,0.0147141,178.821,358.49,199.346,0,0,0,0,
6.04413,0.237661,0.203569,-9.47061,8.34633e-05,0.000502268,0.000560053,-2.3457e-05,-8.38997e-06,2.1558e-05,0.167765,-0.985686,-0.00793548,0.0146818,178.821,358.494,199.334,0,0,0,0,
6.0738,0.249665,0.182984,-9.5223,0.000584655,-0.000497578,1.37575e-05,-2.31145e-05,-8.70363e-06,2.12722e-05,0.167962,-0.985653,-0.00791072,0.0146555,178.824,358.497,199.357,0,0,0,0,
6.10188,0.252065,0.19442,-9.5035,0.00107611,3.28887e-05,0.000544906,-2.31752e-05,-8.37083e-06,2.08518e-05,0.168034,-0.985641,-0.00788614,0.0146639,178.826,358.495,199.365,0,0,0,0,
6.1314,0.254466,0.212719,-9.47296,0.000542548,4.3083e-05,-6.19814e-05,-2.3954e-05,-9.16473e-06,2.11323e-05,0.168389,-0.98558,-0.00791789,0.0146734,178.822,358.495,199.407,0,0,0,0,
6.15935,0.259267,0.187558,-9.49411,9.93721e-06,-0.00203613,0.00097955,-2.3723e-05,-8.93133e-06,2.05125e-05,0.168673,-0.985531,-0.00790385,0.0146655,178.823,358.496,199.44,0,0,0,0,
6.18713,0.256866,0.19442,-9.46121,-0.000991579,8.79243e-05,-0.000105668,-2.35705e-05,-8.78009e-06,2.03632e-05,0.168865,-0.985498,-0.00791016,0.0146813,178.822,358.495,199.462,0,0,0,0,
6.21762,0.244863,0.198995,-9.48001,0.0011055,-0.00153781,-0.00111176,-2.38078e-05,-9.27698e-06,2.03082e-05,0.16937,-0.985411,-0.00792741,0.0146882,178.819,358.495,199.521,0,0,0,0,
6.24464,0.256866,0.192133,-9.49176,0.000583626,-0.000463551,0.000980791,-2.41311e-05,-8.48227e-06,2.07202e-05,0.169284,-0.985426,-0.00793263,0.0146893,178.819,358.495,199.511,0,0,0,0,
6.27456,0.244863,0.192133,-9.49881,2.31545e-05,3.93e-05,-6.50287e-05,-2.33776e-05,-9.20041e-06,2.07534e-05,0.169763,-0.985344,-0.00789507,0.0147004,178.822,358.494,199.566,0,0,0,0,
6.30183,0.242463,0.203569,-9.49411,0.0020867,0.00055672,-3.69065e-05,-2.33553e-05,-9.21585e-06,2.0515e-05,0.170284,-0.985254,-0.00786982,0.0147072,178.824,358.493,199.627,0,0,0,0,
6.32876,0.247264,0.205857,-9.51525,-3.976e-05,-0.000495853,0.000990916,-2.33365e-05,-9.22387e-06,2.06098e-05,0.170769,-0.98517,-0.00787672,0.0147044,178.823,358.494,199.683,0,0,0,0,
6.35906,0.249665,0.201282,-9.48706,0.000445401,-0.000930706,-0.000562698,-2.36047e-05,-9.02504e-06,2.08854e-05,0.171238,-0.985089,-0.00786564,0.0146591,178.824,358.499,199.738,0,0,0,0,
6.387,0.237661,0.19442,-9.49881,-0.000576848,0.000139672,-2.9128e-05,-2.34902e-05,-8.83821e-06,2.08493e-05,0.171398,-0.985062,-0.0078714,0.014652,178.823,358.501,199.756,0,0,0,0,
6.41677,0.256866,0.208144,-9.53405,-0.00113338,-0.00144699,-0.00110514,-2.33909e-05,-8.67613e-06,2.08179e-05,0.171475,-0.985048,-0.00789971,0.0146115,178.821,358.506,199.765,0,0,0,0,
6.44391,0.23286,0.215006,-9.48001,0.000994828,-0.00144683,-0.00110487,-2.33488e-05,-8.61305e-06,2.10534e-05,0.171454,-0.985052,-0.00793017,0.0146003,178.818,358.508,199.763,0,0,0,0,
6.47113,0.247264,0.196707,-9.5129,-6.9445e-05,0.000149598,0.00208749,-2.35959e-05,-8.84395e-06,2.09486e-05,0.17151,-0.985042,-0.00793476,0.0146138,178.817,358.506,199.769,0,0,0,0,
6.49845,0.244863,0.201282,-9.48236,-0.00113353,0.00174558,-4.10788e-05,-2.29737e-05,-9.2395e-06,2.06493e-05,0.171961,-0.984963,-0.00794635,0.0146425,178.814,358.504,199.822,0,0,0,0,
6.5279,0.244863,0.196707,-9.47531,-0.000601325,-0.000914782,-4.10005e-05,-2.32239e-05,-9.05352e-06,2.07119e-05,0.172414,-0.984884,-0.00795803,0.0146399,178.812,358.505,199.875,0,0,0,0,
6.55444,0.242463,0.192133,-9.49881,0.000462852,0.000681454,-4.09931e-05,-2.32407e-05,-8.5929e-06,2.07406e-05,0.172462,-0.984875,-0.00795316,0.0146327,178.813,358.506,199.88,0,0,0,0,
6.58085,0.264068,0.185271,-9.5223,-6.9309e-05,0.000149433,-0.000573032,-2.35116e-05,-8.5638e-06,2.12455e-05,0.172355,-0.984894,-0.00795477,0.014625,178.813,358.506,199.868,0,0,0,0,
6.61049,0.247264,0.196707,-9.5035,-6.94767e-05,0.000149505,-0.000572693,-2.41245e-05,-8.90881e-06,2.10017e-05,0.172306,-0.984903,-0.00792436,0.0146182,178.817,358.506,199.862,0,0,0,0,
6.6366,0.256866,0.171547,-9.48471,-0.00060151,0.000149468,-0.000572551,-2.40911e-05,-8.77156e-06,2.06704e-05,0.172255,-0.984912,-0.00788525,0.0146443,178.821,358.503,199.856,0,0,0,0,
6.66291,0.252065,0.192133,-9.46591,0.000462668,0.00068148,-4.03635e-05,-2.43346e-05,-8.95128e-06,2.06976e-05,0.172215,-0.984919,-0.0078598,0.014639,178.824,358.503,199.851,0,0,0,0,
6.68913,0.249665,0.189846,-9.49411,-0.000601413,-0.000382716,-4.0289e-05,-2.39574e-05,-8.791e-06,2.07291e-05,0.172171,-0.984927,-0.00785247,0.014624,178.825,358.504,199.846,0,0,0,0,
6.71868,0.256866,0.182984,-9.46591,-6.9404e-05,0.000149339,-4.02741e-05,-2.40619e-05,-8.66096e-06,2.08347e-05,0.172018,-0.984954,-0.00783319,0.0146299,178.827,358.503,199.828,0,0,0,0,
6.74463,0.26887,0.201282,-9.47531,-0.00113336,0.000149239,-4.01996e-05,-2.40523e-05,-8.87462e-06,2.08086e-05,0.171971,-0.984962,-0.00784819,0.0146716,178.825,358.499,199.823,0,0,0,0,
6.77056,0.247264,0.205857,-9.51055,-6.91805e-05,-0.000914894,-0.00110435,-2.35248e-05,-9.26315e-06,2.08012e-05,0.172295,-0.984905,-0.00783776,0.014659,178.826,358.5,199.861,0,0,0,0,
6.79706,0.256866,0.196707,-9.48706,0.00152698,-0.000382688,-4.00506e-05,-2.39676e-05,-9.26403e-06,2.10287e-05,0.172591,-0.984853,-0.00784393,0.0146834,178.824,358.498,199.895,0,0,0,0,
6.82663,0.244863,0.201282,-9.49881,-0.000601254,0.000681482,-0.000572085,-2.43358e-05,-8.55032e-06,2.12325e-05,0.17231,-0.984902,-0.00787385,0.0146844,178.821,358.498,199.863,0,0,0,0,
6.8528,0.249665,0.221868,-9.49176,-6.91898e-05,-0.000914764,-0.000572011,-2.36958e-05,-8.7902e-06,2.13223e-05,0.172218,-0.984918,-0.00789187,0.0146733,178.819,358.499,199.852,0,0,0,0,
6.87909,0.240062,0.171547,-9.49411,-0.00113334,0.000149488,-3.976e-05,-2.35464e-05,-9.20942e-06,2.18663e-05,0.172516,-0.984866,-0.00786579,0.0146539,178.822,358.502,199.886,0,0,0,0,
6.9055,0.235261,0.192133,-9.48236,-6.90296e-05,0.00014958,0.00049204,-2.37094e-05,-8.43687e-06,2.12285e-05,0.172359,-0.984894,-0.00787165,0.0146353,178.822,358.504,199.868,0,0,0,0,
6.93507,0.256866,0.187558,-9.46826,-6.89421e-05,0.000149395,-0.00110409,-2.34048e-05,-8.46669e-06,2.12615e-05,0.172117,-0.984936,-0.00785275,0.0146505,178.824,358.501,199.84,0,0,0,0,
6.96099,0.273671,0.205857,-9.52465,-6.8862e-05,-0.000914672,-0.000571843,-2.38941e-05,-8.49448e-06,2.08309e-05,0.171885,-0.984976,-0.00786373,0.0146767,178.823,358.498,199.813,0,0,0,0,
6.98734,0.259267,0.205857,-9.50115,-6.88471e-05,0.000681629,0.000492327,-2.34106e-05,-8.2311e-06,2.05752e-05,0.17157,-0.985031,-0.00787481,0.0146915,178.822,358.496,199.776,0,0,0,0,
7.01673,0.266469,0.196707,-9.48941,-0.000600807,-0.000382712,0.000492148,-2.33484e-05,-8.01056e-06,2.03454e-05,0.170934,-0.985141,-0.00789294,0.0147086,178.82,358.494,199.703,0,0,0,0,
7.04472,0.252065,0.198995,-9.5364,-0.000600854,-0.000914797,-0.00057194,-2.38639e-05,-8.4661e-06,2.02422e-05,0.17067,-0.985187,-0.00789514,0.0147099,178.821,358.494,199.672,0,0,0,0,
7.07125,0.218457,0.205857,-9.49881,-6.86608e-05,0.000681248,0.00049223,-2.31289e-05,-8.46874e-06,2.04493e-05,0.170585,-0.985201,-0.00791745,0.0147056,178.818,358.494,199.662,0,0,0,0,
7.09766,0.259267,0.205857,-9.50115,0.00152763,0.00174518,-0.000571862,-2.31811e-05,-8.48032e-06,2.08175e-05,0.170572,-0.985203,-0.0079142,0.0147394,178.818,358.491,199.66,0,0,0,0,
7.12714,0.247264,0.198995,-9.49646,-6.86217e-05,0.000680454,-3.96743e-05,-2.33268e-05,-8.58802e-06,2.08867e-05,0.170619,-0.985195,-0.00790309,0.0147511,178.819,358.489,199.666,0,0,0,0,
7.15316,0.249665,0.182984,-9.5411,-6.86068e-05,-0.000383742,0.000492577,-2.3296e-05,-8.02958e-06,2.11022e-05,0.170322,-0.985247,-0.00789559,0.0147325,178.821,358.491,199.631,0,0,0,0,
7.17935,0.261668,0.196707,-9.50115,-0.000600575,0.00121243,-0.00163586,-2.32914e-05,-7.93944e-06,2.07429e-05,0.16988,-0.985322,-0.00790857,0.0147586,178.819,358.487,199.58,0,0,0,0,
7.2058,0.23286,0.198995,-9.52465,0.000463603,-0.000384005,0.00102451,-2.35324e-05,-7.61851e-06,2.12517e-05,0.169184,-0.985442,-0.00791588,0.0147488,178.82,358.488,199.499,0,0,0,0,
7.23592,0.252065,0.180696,-9.47531,-0.00113265,0.000680294,0.00155632,-2.37619e-05,-7.70236e-06,2.10192e-05,0.168127,-0.985624,-0.0079072,0.0147364,178.823,358.488,199.376,0,0,0,0,
7.26257,0.261668,0.201282,-9.51995,-0.000600455,-0.000383837,0.000492044,-2.38603e-05,-8.26111e-06,2.09267e-05,0.167759,-0.985686,-0.00792526,0.0147438,178.821,358.487,199.333,0,0,0,0,
7.28885,0.26887,0.196707,-9.5035,0.000995707,0.000680352,0.00102416,-2.41881e-05,-8.88627e-06,2.11067e-05,0.167809,-0.985677,-0.00790877,0.0147693,178.822,358.484,199.339,0,0,0,0,
7.31871,0.247264,0.198995,-9.5035,-6.85584e-05,0.000148248,-3.97898e-05,-2.37373e-05,-8.3423e-06,2.11123e-05,0.167713,-0.985694,-0.00788284,0.0147494,178.826,358.485,199.328,0,0,0,0,
7.34479,0.244863,0.198995,-9.5317,0.000463506,-0.000915885,-0.0016358,-2.35692e-05,-8.13772e-06,2.09968e-05,0.167454,-0.985738,-0.00791376,0.0147374,178.823,358.487,199.298,0,0,0,0,
7.37369,0.261668,0.205857,-9.48706,0.00152743,0.000680288,-0.000571437,-2.37278e-05,-8.53603e-06,2.14071e-05,0.167409,-0.985746,-0.00788457,0.0147475,178.826,358.485,199.293,0.00414235,-0.00547222,0.00414229,-2.26677e-05,
7.4059,0.775401,-0.155191,-9.28736,-0.0293316,-0.0312427,-0.0133405,-2.22075e-05,-1.1018e-05,1.7424e-05,0.17077,-0.985161,-0.00719721,0.0156214,178.881,358.377,199.684,0.0177157,0.00475845,0.0177157,-1.26448e-05,
7.43585,0.345689,0.256177,-9.0994,-0.0431665,-0.0695548,0.00581552,-2.21212e-05,-1.14289e-05,1.73969e-05,0.173289,-0.984721,-0.00788104,0.0152621,178.807,358.434,199.977,0.0225094,-0.018558,0.0225052,-0.000433768,
7.46838,6.12158,-0.521343,-13.1992,0.214376,0.0028125,0.153743,-2.2374e-05,-1.17815e-05,1.89543e-05,0.18208,-0.983003,-0.000118767,0.0234713,179.496,357.358,200.999,0.0250625,-0.00999274,0.0250518,-0.000733337,
7.50117,2.80152,-0.402525,-0.895138,-0.191094,0.313034,0.108513,-2.24905e-05,-1.08946e-05,1.91785e-05,0.19666,-0.979615,0.0140681,0.0384981,180.714,355.356,202.674,0.0286317,-0.000713767,0.0286189,-0.0008582,
7.53081,3.25044,-1.23182,-9.25211,-0.324122,0.19118,-0.00323039,-2.30466e-05,-1.03042e-05,1.97486e-05,0.20207,-0.978177,0.0134024,0.0464595,180.428,354.473,203.323,0.0259744,-0.00832729,0.0259553,-0.000994718,
7.56356,4.82285,1.29232,-11.2374,-0.0931851,-0.150968,0.0659442,-2.29265e-05,-1.04007e-05,2.00041e-05,0.201462,-0.978048,0.015263,0.0510096,180.536,353.919,203.25,0.0287359,0.000713767,0.0287156,-0.00107998,
7.59626,7.51394,1.39982,-10.5866,0.172871,-0.233445,-0.0314324,-2.27671e-05,-1.01852e-05,2.00513e-05,0.210163,-0.975993,0.0146372,0.0552628,180.308,353.453,204.287,0.0276938,-0.00785145,0.0276652,-0.00125806,
7.62596,2.17256,0.860023,-1.76208,0.000998847,0.0214364,0.125541,-2.27174e-05,-1.03692e-05,1.98195e-05,0.234397,-0.969494,0.0272514,0.0663123,181.259,351.874,207.094,0.025818,-0.00689976,0.0257827,-0.00135078,
7.65856,4.94288,0.544376,-8.98898,0.0270724,0.109767,0.0233752,-2.38106e-05,-1.00273e-05,1.95975e-05,0.246148,-0.965254,0.0361983,0.0799159,181.777,350.09,208.458,0.0298301,-0.00689977,0.0297778,-0.00176618,
7.6882,0.775401,-0.933568,-10.5255,-0.00645073,0.0310145,0.0829718,-2.44292e-05,-1.00262e-05,1.97554e-05,0.244192,-0.965874,0.035828,0.0785732,181.793,350.254,208.223,0.0280325,-0.00761352,0.0279699,-0.00187275,
7.72075,2.02852,-0.0606213,-8.76108,-0.153314,0.126263,0.00581552,-2.42466e-05,-1.03616e-05,2.05757e-05,0.243193,-0.965841,0.0349208,0.0824007,181.594,349.854,208.124,0.0310546,-0.00333091,0.0309781,-0.00217784,
7.76384,0.204053,1.18711,-4.92914,0.12977,-0.269097,-0.127213,-2.35447e-05,-1.05245e-05,2.03387e-05,0.243922,-0.966048,0.0328033,0.0786017,181.455,350.336,208.218,0.0401209,0.00713767,0.0400412,-0.00252793,
7.79578,-1.49836,1.79553,-11.9939,0.0946507,-0.235042,-0.0729371,-2.34472e-05,-1.0259e-05,1.98794e-05,0.241948,-0.967258,0.0290981,0.0708976,181.274,351.302,207.99,0.0329564,-0.00832728,0.0328725,-0.00235033,
7.82856,1.21471,-1.51311,-10.1919,-0.141075,0.450319,0.0212468,-2.41244e-05,-1.01441e-05,1.89577e-05,0.239655,-0.967807,0.0270049,0.0720156,181.029,351.238,207.738,0.0338683,-0.00808937,0.0337614,-0.00268855,
7.8615,2.56146,0.795979,-8.57547,0.222358,0.151272,-0.0372856,-2.44507e-05,-9.72294e-06,1.91597e-05,0.23713,-0.967992,0.0292733,0.0768428,181.175,350.639,207.433,0.0350406,-0.0202234,0.0348667,-0.0034874,
7.89237,0.506531,-0.24976,-9.09235,-0.054873,-0.477685,-0.122424,-2.32455e-05,-9.2691e-06,1.95149e-05,0.235149,-0.969187,0.0245765,0.0691264,180.876,351.631,207.212,0.0300125,-0.00475845,0.0298489,-0.00312905,
7.92738,2.46784,-0.674109,-10.9813,-0.20014,-0.106803,-0.0452673,-2.32593e-05,-8.89422e-06,2.04701e-05,0.235367,-0.969733,0.0219781,0.0611244,180.8,352.594,207.234,0.0357701,-0.0102307,0.0355352,-0.00409308,
7.96024,-0.301528,0.263039,-9.94755,0.170211,0.533861,-0.0245149,-2.36221e-05,-8.35553e-06,2.0619e-05,0.23423,-0.969555,0.0257364,0.0666108,181.082,351.881,207.086,0.0107857,-0.00571014,0.0107077,-0.00129535,
7.99273,-4.02887,0.263039,-12.4568,0.20267,-0.0573162,0.0568983,-2.3043e-05,-1.15665e-05,1.93748e-05,0.230576,-0.970819,0.0251955,0.0609162,181.204,352.536,206.643,0.018367,-0.000237925,0.0182336,-0.00221019,
8.02259,-2.71839,-0.210962,-5.35438,-0.111277,-0.47396,0.0324211,-2.31739e-05,-1.1788e-05,1.91285e-05,0.228569,-0.972169,0.0210788,0.0469024,181.126,354.213,206.404,0.0251146,-0.00142753,0.0249278,-0.00305774,
8.05527,1.36835,-2.61642,-11.4183,-0.481627,0.0166474,0.0611552,-2.25552e-05,-1.08951e-05,1.86049e-05,0.229074,-0.972643,0.0141502,0.0359305,180.636,355.62,206.481,0.0320446,-0.000951684,0.0318025,-0.00393174,
8.08801,0.3865,-0.0606213,-6.94966,0.173403,0.449255,-0.176699,-2.26401e-05,-9.94006e-06,1.88048e-05,0.231804,-0.971612,0.0199763,0.0428616,181.09,354.69,206.787,0.0332951,0.00142753,0.0330494,-0.004038,
8.11748,-0.855875,0.640443,-11.6955,0.0297329,0.0794367,-0.192662,-2.26244e-05,-9.68521e-06,1.90264e-05,0.231127,-0.971795,0.0182058,0.0431641,180.888,354.704,206.716,0.0304033,0.00166546,0.030185,-0.00363702,
8.15024,0.595354,1.36552,-9.86297,-0.195883,-0.579851,-0.215543,-2.18863e-05,-8.73621e-06,1.89055e-05,0.229387,-0.972596,0.0100951,0.0365713,180.164,355.655,206.535,0.0336078,0,0.0333664,-0.00402035,
8.17981,0.936242,0.267614,-14.9425,-0.191626,-0.437245,-0.172442,-2.2662e-05,-8.40127e-06,1.88364e-05,0.229816,-0.972709,0.00594858,0.0314259,179.835,356.338,206.592,0.0296999,-0.00808937,0.0294569,-0.00379128,
8.21237,2.84714,0.594697,-3.72152,0.240982,0.449255,0.00794397,-2.29998e-05,-8.81973e-06,1.84427e-05,0.232649,-0.971592,0.0115948,0.0418213,180.177,355.028,206.924,0.0330085,-0.00880312,0.0327001,-0.00450168,
8.25147,1.31794,-0.526193,-14.8626,-0.0979741,0.420521,0.118623,-2.28057e-05,-8.31405e-06,1.79201e-05,0.225486,-0.972843,0.00974138,0.0513592,179.758,354.012,206.112,0.0364735,-0.00713769,0.0360963,-0.005232,
8.29608,1.38516,-0.807476,-9.5035,0.115935,-0.396272,0.146825,-2.23508e-05,-8.4019e-06,1.79926e-05,0.221593,-0.974033,0.0114745,0.0450065,180.139,354.678,205.627,0.0448103,0.000475851,0.04435,-0.00640679,
8.34113,2.86634,-0.0848698,-7.90588,0.0802836,0.187456,0.0776507,-2.29315e-05,-8.04644e-06,1.76165e-05,0.216897,-0.975093,0.0114419,0.0449336,180.162,354.687,205.074,0.0491351,-0.0290265,0.0484059,-0.00843353,
8.37628,-1.55635,0.693051,-7.57461,0.106889,0.0693266,-0.170314,-2.27349e-05,-7.72321e-06,1.73844e-05,0.217192,-0.974863,0.0131824,0.0479217,180.281,354.309,205.106,0.0375156,-0.00523431,0.0369247,-0.00663254,
8.406,-1.50764,1.86872,-14.966,0.0249439,-0.290382,-0.0995428,-2.21821e-05,-8.52564e-06,1.71371e-05,0.216334,-0.975336,0.0116847,0.0422141,180.26,354.986,205.001,0.0308983,-0.00713769,0.0303718,-0.00567956,
8.43856,1.72125,-1.09361,-9.74315,-0.0468913,0.0751798,-0.058038,-2.31018e-05,-8.17941e-06,1.72358e-05,0.217529,-0.975131,0.0109014,0.0410173,180.196,355.139,205.143,0.0343893,-0.0118961,0.0337258,-0.00672293,
8.46818,0.760997,0.670178,-8.43921,0.120724,0.294942,-0.128277,-2.26616e-05,-7.77118e-06,1.67982e-05,0.220688,-0.974087,0.0152124,0.0471164,180.509,354.347,205.506,0.0310025,-0.00618599,0.0303662,-0.00624879,
8.50078,-2.59082,-0.123667,-6.74761,-0.133626,0.0554916,-0.0622949,-2.15952e-05,-8.47534e-06,1.60894e-05,0.220368,-0.974164,0.0131484,0.0476469,180.266,354.34,205.48,0.0343633,-0.0064239,0.0336128,-0.00714225,
8.53377,0.92664,1.37466,-11.4066,0.186174,-0.277611,-0.0144048,-2.2107e-05,-8.5e-06,1.60413e-05,0.217474,-0.975132,0.011126,0.0412251,180.217,355.11,205.135,0.0344675,-0.0121341,0.0336254,-0.00757247,
8.56333,1.24592,-0.463147,-8.8997,-0.113937,0.0645376,-0.0138726,-2.20472e-05,-8.76884e-06,1.57792e-05,0.217288,-0.97513,0.0108303,0.0423171,180.157,354.995,205.117,0.0310546,-0.00904107,0.030233,-0.00709629,
8.596,-0.535792,-0.152766,-6.88622,-0.0011296,0.1683,-0.0479278,-2.09279e-05,-8.62597e-06,1.49081e-05,0.216451,-0.975267,0.00981655,0.043681,180.014,354.868,205.026,0.0326699,-0.00333092,0.0317804,-0.00757129,
8.6286,-2.71143,0.512354,-10.9085,-0.231534,-0.188216,0.0749902,-2.10711e-05,-8.92348e-06,1.47785e-05,0.214695,-0.976038,0.0077757,0.0345762,180.019,355.938,204.81,0.00745102,0.00142754,0.00725062,-0.00171644,
8.65822,-1.21075,1.18711,-23.0809,0.179257,-0.134473,-0.058038,-2.09098e-05,-1.14e-05,1.49615e-05,0.215396,-0.976027,0.00671524,0.0305026,179.998,356.42,204.89,-0.000130263,0.00118961,-0.000126795,2.98568e-05,
8.69079,-0.419819,1.19626,-1.59527,-0.450765,0.278447,-0.1038,-2.01665e-05,-1.09523e-05,1.61611e-05,0.213203,-0.97664,-0.00419183,0.0264683,178.883,357.139,204.657,0.000182368,-0.000237923,0.000177503,-4.18418e-05,
8.72368,-3.54179,-1.33609,-9.53405,-0.279424,-0.0557199,0.0446597,-1.88867e-05,-9.7175e-06,1.54628e-05,0.210051,-0.977426,-0.0156986,0.0164676,177.844,358.533,204.285,0.000260525,0.00095169,0.000253632,-5.95326e-05,
8.75309,-4.7479,1.8184,-12.297,0.0174943,-0.0626373,-0.020258,-1.83857e-05,-8.46048e-06,1.52061e-05,0.208116,-0.97788,-0.0185584,0.00965652,177.689,359.361,204.042,0.000234473,0.000237923,0.000228282,-5.3525e-05,
8.78602,-4.84068,0.878322,-8.17137,-0.000612164,0.0235753,-0.102196,-1.79711e-05,-7.99325e-06,1.46425e-05,0.206216,-0.97827,-0.0211719,-0.00394226,177.719,0.942281,203.788,0.00031263,-0.000475845,0.000304342,-7.15116e-05,
8.81553,-3.80621,0.731935,-8.95608,0.0680303,0.0171899,-0.00375513,-1.78055e-05,-7.6205e-06,1.46788e-05,0.204495,-0.978508,-0.022481,-0.01412,177.808,2.11054,203.568,0.00020842,0.000475845,0.000202917,-4.75778e-05,
8.84811,-4.48117,0.576399,-8.97018,-0.0511629,-0.00675515,-0.0484526,-1.72858e-05,-7.2816e-06,1.57242e-05,0.20173,-0.978794,-0.0255134,-0.0248169,177.707,3.37524,203.224,0.000260525,-0.000475845,0.000253618,-5.9593e-05,
8.88088,-4.58554,0.736509,-10.2271,0.0158833,0.00601555,-0.0367461,-1.71373e-05,-7.54924e-06,1.54948e-05,0.199258,-0.978924,-0.0267285,-0.0359222,177.814,4.64501,202.922,0.00020842,0,0.000202894,-4.76744e-05,
8.91053,-2.32872,0.491769,-8.85036,0.0201402,-0.0434709,0.0154009,-1.72673e-05,-7.33448e-06,1.54716e-05,0.197135,-0.979113,-0.0282703,-0.0409381,177.743,5.2391,202.664,0.000130263,-0.000237923,0.000126802,-2.98267e-05,
8.9416,0.698581,0.59241,-9.58808,0.0786726,0.0166578,0.101603,-1.73721e-05,-6.79091e-06,1.54547e-05,0.19483,-0.979716,-0.0262872,-0.0388035,177.907,4.94941,202.404,-2.60525e-05,0.000237923,-2.53618e-05,5.9593e-06,
8.97605,0.864224,0.182984,-9.70791,0.102053,-0.0296331,0.0818785,-1.71603e-05,-7.00955e-06,1.55246e-05,0.19285,-0.980347,-0.0238446,-0.0340653,178.068,4.35801,202.184,0,0,0,-0,
9.00566,1.28193,0.322509,-9.73845,0.0424442,-0.0211157,0.0765475,-1.70113e-05,-6.45797e-06,1.52539e-05,0.191757,-0.980703,-0.0223797,-0.0308305,178.158,3.95966,202.063,-5.2105e-05,0,-5.07236e-05,1.19186e-05,
9.0384,0.792205,0.0480332,-9.81833,-0.00756718,0.0150644,0.0132207,-1.65485e-05,-7.04322e-06,1.50173e-05,0.192433,-0.98074,-0.0208972,-0.0261172,178.224,3.39797,202.15,-2.60525e-05,0.000237923,-2.53632e-05,5.95326e-06,
9.0695,0.833015,0.0663316,-9.16988,-0.00597351,-0.000897525,-0.0399819,-1.70761e-05,-7.14539e-06,1.54141e-05,0.193776,-0.980619,-0.0191865,-0.0216671,178.323,2.86197,202.314,-2.60525e-05,0.000237923,-2.53646e-05,5.94723e-06,
9.0985,0.468121,0.331658,-9.88176,-0.00810099,0.015064,-0.028272,-1.64419e-05,-7.06024e-06,1.51901e-05,0.1943,-0.980567,-0.0189302,-0.0194255,178.303,2.60513,202.377,-2.60525e-05,0.000237923,-2.5366e-05,5.94119e-06,
9.13018,0.381699,0.31336,-9.31555,-0.00118765,0.00601665,-0.0245361,-1.69575e-05,-7.00775e-06,1.53074e-05,0.194561,-0.980575,-0.0183715,-0.0167676,178.308,2.29431,202.411,0,0,0,-0,
9.15744,0.244863,0.258464,-9.44947,-0.000123134,0.00495104,-0.0122943,-1.6625e-05,-6.97617e-06,1.53634e-05,0.194524,-0.980611,-0.0181164,-0.0153256,178.304,2.12645,202.409,0,0,0,-0,
9.18596,0.19205,0.176122,-9.49881,0.00998517,0.00601401,-0.0144193,-1.64122e-05,-6.95596e-06,1.53992e-05,0.194658,-0.98061,-0.017623,-0.0142082,178.335,1.99008,202.426,0,0,0,-0,
9.21674,0.208854,0.196707,-9.48471,-0.00385028,0.00920406,-0.0197337,-1.66774e-05,-7.30201e-06,1.59119e-05,0.195253,-0.980527,-0.016928,-0.0125196,178.377,1.78574,202.499,0,0,0,-0,
9.2491,0.336087,0.178409,-9.48471,-0.00225473,0.0017536,-0.00589439,-1.67315e-05,-6.77388e-06,1.4682e-05,0.195244,-0.98056,-0.016333,-0.0107308,178.404,1.57137,202.5,-2.60525e-05,0.000237923,-2.53675e-05,5.93516e-06,
9.27597,0.288075,0.324796,-9.5364,0.00200213,-0.000375273,0.0100671,-1.62273e-05,-7.08601e-06,1.47192e-05,0.195107,-0.980601,-0.0161803,-0.00960284,178.396,1.44096,202.486,0,0,0,-0,
9.30473,0.324084,0.235591,-9.44712,-0.00119064,-0.00303517,0.0111288,-1.61669e-05,-7.02998e-06,1.44921e-05,0.195149,-0.980607,-0.0159178,-0.00851528,178.401,1.31293,202.492,0,0,0,-0,
9.33442,0.400904,0.256177,-9.51525,-0.000126949,0.00441345,0.00101702,-1.65422e-05,-6.982e-06,1.55386e-05,0.195039,-0.98065,-0.0155426,-0.00667247,178.402,1.09726,202.482,0,0,0,-0,
9.36084,0.367295,0.240166,-9.5035,-0.00172294,-0.00143976,-0.00217513,-1.6371e-05,-7.48677e-06,1.55066e-05,0.195532,-0.980563,-0.015262,-0.0055284,178.409,0.963206,202.541,0,0,0,-0,
9.39355,0.304879,0.217293,-9.48236,-0.000126105,0.000156455,-0.00483363,-1.69149e-05,-7.22361e-06,1.58048e-05,0.195962,-0.980491,-0.0148169,-0.00401536,178.425,0.783898,202.594,0,0,0,-0,
9.422,0.297677,0.233304,-9.47296,-0.00119011,0.000688465,-0.00376837,-1.71158e-05,-7.12236e-06,1.61648e-05,0.195858,-0.980519,-0.0145968,-0.00316527,178.431,0.68327,202.583,0,0,0,-0,
9.45216,0.326484,0.249315,-9.47531,-0.0001259,0.000688342,0.00102073,-1.70762e-05,-6.17544e-06,1.56209e-05,0.194666,-0.980763,-0.014326,-0.00184189,178.431,0.526584,202.446,0,0,0,-0,
9.47855,0.340888,0.244741,-9.5129,-0.000125805,0.000687983,0.00368053,-1.696e-05,-6.44751e-06,1.58055e-05,0.193782,-0.980942,-0.0141589,-0.000964115,178.43,0.422787,202.344,0,0,0,-0,
9.50478,0.381699,0.242453,-9.50115,-0.00172179,-0.000376215,0.00155164,-1.73998e-05,-5.84462e-06,1.56717e-05,0.192438,-0.981209,-0.013996,-8.67176e-05,178.428,0.318388,202.188,0,0,0,-0,
9.53107,0.350491,0.233304,-9.50585,-0.000657281,0.000687843,-0.00164064,-1.71717e-05,-6.23765e-06,1.55907e-05,0.191393,-0.981416,-0.0138285,0.000717686,178.429,0.222575,202.067,0,0,0,-0,
9.56093,0.319283,0.256177,-9.46591,-0.000656977,0.000155482,-0.00323594,-1.73374e-05,-6.5891e-06,1.51771e-05,0.190377,-0.981615,-0.0136094,0.00183837,178.429,0.0901093,201.95,0,0,0,-0,
9.5903,0.328885,0.231017,-9.48236,-0.00118887,-0.000376539,0.000488799,-1.68694e-05,-6.96992e-06,1.5525e-05,0.190229,-0.981644,-0.0134502,0.00249345,178.432,0.0127138,201.934,0,0,0,-0,
9.62089,0.340888,0.235591,-9.46121,-0.00118863,0.000687439,0.00314841,-1.68299e-05,-7.57312e-06,1.56407e-05,0.19076,-0.981541,-0.0132187,0.00354974,178.435,359.89,201.998,0,0,0,-0,
9.64653,0.340888,0.242453,-9.49411,-0.000656361,0.00015516,-4.43794e-05,-1.68011e-05,-7.08034e-06,1.55732e-05,0.190997,-0.981495,-0.0130456,0.00423546,178.44,359.809,202.027,0,0,0,-0,
9.67366,0.345689,0.237879,-9.48941,-0.00172024,0.000155123,-0.0011084,-1.67839e-05,-7.02665e-06,1.5775e-05,0.191084,-0.981477,-0.0129002,0.00487726,178.442,359.734,202.038,0,0,0,-0,
9.70252,0.326484,0.265326,-9.47296,-0.00012379,0.00121904,-0.00217178,-1.71406e-05,-7.34779e-06,1.56037e-05,0.191351,-0.981422,-0.0127278,0.00577478,178.442,359.63,202.071,0,0,0,-0,
9.72898,0.314481,0.242453,-9.46591,-0.000655681,-0.000377338,-4.31873e-05,-1.70058e-05,-7.19967e-06,1.55471e-05,0.191507,-0.98139,-0.0125895,0.00631637,178.445,359.566,202.09,0,0,0,-0,
9.75458,0.338488,0.251603,-9.47766,0.000940494,0.000154736,0.00155278,-1.69221e-05,-7.62824e-06,1.6001e-05,0.191958,-0.9813,-0.012451,0.00685511,178.449,359.503,202.143,0,0,0,-0,
9.78162,0.340888,0.242453,-9.50115,-0.000655813,0.000686748,0.00102042,-1.68672e-05,-7.64084e-06,1.60465e-05,0.192533,-0.981185,-0.0123156,0.00737489,178.452,359.443,202.211,0,0,0,-0,
9.81056,0.350491,0.251603,-9.49646,-0.000123592,0.000154451,-0.00217186,-1.69669e-05,-7.30135e-06,1.56131e-05,0.193013,-0.981087,-0.012165,0.00817688,178.451,359.35,202.268,0,0,0,-0,
9.83749,0.328885,0.256177,-9.51995,-0.000655612,0.000154477,-0.00323543,-1.66415e-05,-7.42947e-06,1.53093e-05,0.193424,-0.981003,-0.0120551,0.00863001,178.453,359.297,202.317,0,0,0,-0,
9.86277,0.324084,0.247028,-9.48471,-0.000123469,-0.00144164,-0.000574663,-1.72229e-05,-7.26742e-06,1.48522e-05,0.193522,-0.980981,-0.0119729,0.00903586,178.453,359.25,202.329,0,0,0,-0,
9.89012,0.328885,0.244741,-9.5082,-0.000655552,0.000154657,0.00102149,-1.73313e-05,-7.15783e-06,1.45656e-05,0.193429,-0.980997,-0.0118594,0.00947629,178.456,359.198,202.319,0,0,0,-0,
9.92018,0.34809,0.242453,-9.47531,-0.000123395,0.000686714,0.000489075,-1.66982e-05,-7.04178e-06,1.50035e-05,0.193386,-0.981001,-0.0117047,0.0101102,178.46,359.123,202.315,0,0,0,-0,
9.94734,0.333686,0.263039,-9.51995,-0.000655286,-0.000377484,-0.000575077,-1.69993e-05,-7.79846e-06,1.53975e-05,0.1939,-0.980896,-0.0116098,0.0105182,178.461,359.076,202.376,0,0,0,-0,
9.97394,0.345689,0.249315,-9.48001,-0.000655256,0.00121862,-0.00270307,-1.69108e-05,-7.48625e-06,1.56626e-05,0.194325,-0.980809,-0.0115204,0.0109258,178.462,359.029,202.426,0,0,0,-0,
10.0101,0.328885,0.258464,-9.49411,-0.000655085,0.000154343,0.000490006,-1.7218e-05,-7.58814e-06,1.48754e-05,0.194773,-0.980715,-0.0114255,0.0114138,178.461,358.972,202.48,0,0,0,-0,
10.0429,0.340888,0.226442,-9.48236,-0.00118702,0.000154223,-4.20958e-05,-1.70117e-05,-7.62983e-06,1.48156e-05,0.195372,-0.980592,-0.011262,0.0119287,178.467,358.912,202.551,0,0,0,-0,
10.0699,0.333686,0.240166,-9.48706,-0.000122769,0.00121822,-0.000574134,-1.66715e-05,-7.90138e-06,1.50439e-05,0.196106,-0.980442,-0.0111619,0.0122745,178.47,358.872,202.637,0,0,0,-0,
10.0995,0.324084,0.247028,-9.49176,-0.000654647,0.000685861,-4.20734e-05,-1.698e-05,-7.60409e-06,1.5508e-05,0.196715,-0.980316,-0.0110137,0.0127454,178.475,358.816,202.709,0,0,0,-0,
10.1261,0.338488,0.258464,-9.47766,-0.00171833,0.000685697,-0.00217026,-1.7183e-05,-7.89852e-06,1.52279e-05,0.197197,-0.980216,-0.0109769,0.0130521,178.472,358.782,202.766,0,0,0,-0,
10.1519,0.328885,0.240166,-9.48236,-0.000122091,0.000685405,-0.00057359,-1.67681e-05,-7.28458e-06,1.50675e-05,0.197395,-0.980173,-0.0108919,0.0133351,178.474,358.748,202.789,0,0,0,-0,
10.1779,0.352891,0.25389,-9.49881,-0.000654047,0.000153126,0.000490647,-1.65143e-05,-7.41874e-06,1.49601e-05,0.19767,-0.980114,-0.0108254,0.0136397,178.475,358.713,202.822,0,0,0,-0,
10.2069,0.331286,0.244741,-9.46356,-0.000653939,-0.000379167,-4.11943e-05,-1.66185e-05,-7.17578e-06,1.62036e-05,0.197811,-0.980081,-0.0107441,0.014045,178.474,358.666,202.839,0,0,0,-0,
10.2344,0.343289,0.258464,-9.47061,-0.000121797,0.000685085,-0.000573102,-1.61608e-05,-7.60677e-06,1.56907e-05,0.198329,-0.979973,-0.0106784,0.0142947,178.475,358.637,202.9,0,0,0,-0,
10.2601,0.331286,0.242453,-9.47061,-0.000121832,-0.000379175,0.000491198,-1.63833e-05,-7.36728e-06,1.53554e-05,0.198681,-0.979899,-0.01063,0.0145315,178.475,358.61,202.942,0,0,0,-0,
10.286,0.338488,0.251603,-9.48471,-0.000653852,-0.000911132,-0.00110487,-1.65212e-05,-7.21214e-06,1.53883e-05,0.198793,-0.979874,-0.0105808,0.0147391,178.476,358.586,202.955,0,0,0,-0,
10.3154,0.328885,0.235591,-9.51525,-0.000121566,0.000153231,-0.000572484,-1.70078e-05,-7.87296e-06,1.58251e-05,0.199134,-0.979801,-0.0104912,0.0150309,178.478,358.552,202.996,0,0,0,-0,
10.3419,0.345689,0.244741,-9.50115,-0.000653651,0.000153193,-4.02965e-05,-1.69267e-05,-7.79932e-06,1.56865e-05,0.199598,-0.979703,-0.0104264,0.0152607,178.48,358.525,203.051,0,0,0,-0,
10.3696,0.326484,0.240166,-9.49646,0.00041054,-0.000379018,-0.000572141,-1.7402e-05,-7.76394e-06,1.55861e-05,0.199838,-0.979652,-0.0103808,0.0154418,178.48,358.504,203.079,0,0,0,-0,
10.4002,0.331286,0.249315,-9.49176,-0.000121271,0.000685088,-0.00163596,-1.74587e-05,-8.08001e-06,1.58391e-05,0.200404,-0.979533,-0.0103261,0.015723,178.479,358.472,203.146,0,0,0,-0,
10.4264,0.333686,0.267614,-9.49646,-0.000121307,0.000684859,-0.00216756,-1.66914e-05,-7.66026e-06,1.52147e-05,0.20079,-0.979451,-0.0102924,0.0159061,178.478,358.451,203.191,0,0,0,-0,
10.4526,0.338488,0.240166,-9.46591,-0.000653327,0.00068463,0.000493016,-1.69937e-05,-7.93261e-06,1.52877e-05,0.201256,-0.979353,-0.0102264,0.016084,178.481,358.431,203.246,0,0,0,-0,
10.4961,0.34809,0.251603,-9.47296,-0.00012104,0.000152655,-3.92757e-05,-1.74158e-05,-7.72173e-06,1.53512e-05,0.20153,-0.979294,-0.0101466,0.0163322,178.483,358.401,203.278,0,0,0,-0,
10.542,0.338488,0.265326,-9.5176,-0.00118514,0.00121661,-0.000571437,-1.66147e-05,-7.82511e-06,1.56867e-05,0.202266,-0.979137,-0.010112,0.0166644,178.478,358.364,203.365,0,0,0,-0,
10.5849,0.331286,0.244741,-9.48941,-0.000652859,0.00121611,-0.00110328,-1.66699e-05,-7.38384e-06,1.65756e-05,0.202462,-0.979092,-0.010087,0.0168938,178.476,358.338,203.389,0,0,0,-0,
10.6304,0.333686,0.233304,-9.50115,-0.000120688,-0.000379851,-3.93577e-05,-1.67364e-05,-7.55185e-06,1.59052e-05,0.202702,-0.97904,-0.00995516,0.0171077,178.485,358.312,203.417,0,0,0,-0,
10.6668,0.328885,0.269901,-9.49176,-0.000120696,0.0006843,0.000492707,-1.67712e-05,-7.62371e-06,1.52249e-05,0.203011,-0.978973,-0.00993399,0.0173138,178.482,358.289,203.454,0,0,0,-0,
10.6922,0.333686,0.247028,-9.47061,-0.00118463,0.0006842,-0.00269951,-1.67648e-05,-7.3744e-06,1.55521e-05,0.203019,-0.97897,-0.00992504,0.0174269,178.48,358.276,203.455,0,0,0,-0,
10.7175,0.333686,0.240166,-9.49176,-0.000652429,-0.000379996,-0.00110291,-1.7036e-05,-7.7478e-06,1.5751e-05,0.203175,-0.978936,-0.00988543,0.0175302,178.482,358.263,203.473,0,0,0,-0,
10.7465,0.340888,0.235591,-9.50115,0.000411777,0.00068411,-3.86052e-05,-1.72831e-05,-7.99525e-06,1.51931e-05,0.20386,-0.978792,-0.00979212,0.01767,178.488,358.247,203.554,0,0,0,-0,
10.7727,0.34809,0.242453,-9.49176,0.000411741,-0.00144425,-0.00110263,-1.70983e-05,-7.87573e-06,1.55294e-05,0.204161,-0.978728,-0.00972941,0.0177728,178.492,358.234,203.589,0,0,0,-0,
10.7989,0.333686,0.25389,-9.49881,-0.000120342,0.000152051,0.000493716,-1.75014e-05,-7.54745e-06,1.57353e-05,0.204008,-0.978758,-0.00972285,0.017856,178.491,358.224,203.571,0,0,0,-0,
10.8251,0.34809,0.25389,-9.49411,-0.000120183,0.000152079,-0.0026985,-1.72426e-05,-7.59099e-06,1.5629e-05,0.203892,-0.97878,-0.00973057,0.0179651,178.488,358.212,203.558,0,0,0,-0,
10.8542,0.321683,0.240166,-9.46826,-0.000652125,0.000152154,-0.0011017,-1.66749e-05,-7.98056e-06,1.52062e-05,0.204466,-0.978659,-0.00969025,0.0180884,178.489,358.198,203.625,0,0,0,-0,
10.8809,0.340888,0.240166,-9.46591,-0.000651903,0.000152117,0.000494711,-1.645e-05,-7.86231e-06,1.52963e-05,0.204987,-0.978548,-0.00966841,0.0181784,178.488,358.188,203.687,0,0,0,-0,
10.9071,0.345689,0.265326,-9.48471,0.00094427,0.000152079,-3.73945e-05,-1.70969e-05,-7.80426e-06,1.53364e-05,0.205197,-0.978503,-0.00964398,0.018239,178.489,358.181,203.711,0,0,0,-0,
10.9336,0.319283,0.25389,-9.50115,-0.000120053,0.000152171,-0.000569373,-1.67189e-05,-7.48779e-06,1.51345e-05,0.205218,-0.978498,-0.00962258,0.0182833,178.49,358.176,203.714,0,0,0,-0,
10.9637,0.338488,0.272188,-9.5176,0.000411974,-0.000911979,0.000494864,-1.66009e-05,-7.57163e-06,1.54243e-05,0.205279,-0.978484,-0.00962379,0.018373,178.488,358.166,203.721,0,0,0,-0,
10.9904,0.338488,0.240166,-9.47531,0.000412002,0.000152079,-0.000569291,-1.66663e-05,-7.60647e-06,1.543e-05,0.205413,-0.978454,-0.00959566,0.0184555,178.489,358.156,203.737,0,0,0,-0,
11.0161,0.321683,0.251603,-9.49881,0.000412095,-0.000379939,-3.70406e-05,-1.6434e-05,-7.35749e-06,1.56892e-05,0.205423,-0.978451,-0.00958098,0.0185145,178.489,358.149,203.738,0,0,0,-0,
11.0461,0.333686,0.235591,-9.49881,-0.000651831,-0.000379929,-0.000569142,-1.66024e-05,-7.1545e-06,1.52355e-05,0.205084,-0.978522,-0.00956425,0.0185606,178.49,358.143,203.698,0,0,0,-0,
11.0719,0.345689,0.263039,-9.48236,-0.000119496,0.000152273,-3.68915e-05,-1.61387e-05,-7.06607e-06,1.50758e-05,0.204867,-0.978566,-0.00958475,0.0186297,178.487,358.136,203.673,0,0,0,-0,
11.0985,0.326484,0.251603,-9.44947,-0.000651581,-0.000911795,0.00102727,-1.66236e-05,-7.02339e-06,1.54509e-05,0.204483,-0.978645,-0.0095815,0.0186646,178.487,358.131,203.628,0,0,0,-0,
11.1248,0.350491,0.260752,-9.45652,-0.00118341,0.000152392,-0.00110104,-1.589e-05,-7.23797e-06,1.54645e-05,0.204492,-0.978642,-0.00958965,0.0187399,178.484,358.123,203.63,0,0,0,-0,
11.1545,0.331286,0.247028,-9.51055,-0.00118298,-0.000911759,0.000495378,-1.6473e-05,-7.66063e-06,1.56454e-05,0.204999,-0.978534,-0.00956724,0.0188428,178.484,358.112,203.689,0,0,0,-0,
11.1809,0.350491,0.247028,-9.49176,0.000413388,0.000684543,-0.000568714,-1.68551e-05,-8.19453e-06,1.58083e-05,0.205567,-0.978414,-0.00952522,0.0188907,178.486,358.106,203.756,0,0,0,-0,
11.2088,0.336087,0.240166,-9.48001,-0.00065081,-0.00144369,0.000495519,-1.65712e-05,-8.26279e-06,1.56793e-05,0.20634,-0.978251,-0.0094846,0.0189396,178.488,358.101,203.846,0,0,0,-0,
11.2393,0.350491,0.251603,-9.48706,-0.000118589,-0.000911502,-3.65824e-05,-1.70192e-05,-7.97566e-06,1.62253e-05,0.206943,-0.978122,-0.00948099,0.0190203,178.485,358.093,203.917,0,0,0,-0,
11.2669,0.343289,0.237879,-9.46826,0.000945408,-0.000379296,0.000495605,-1.74553e-05,-7.61326e-06,1.59333e-05,0.206803,-0.978152,-0.00943602,0.0190355,178.49,358.09,203.901,0,0,0,-0,
11.2937,0.340888,0.240166,-9.48471,0.000413133,-0.000379331,-3.64371e-05,-1.77332e-05,-7.11964e-06,1.55014e-05,0.206088,-0.978302,-0.00941609,0.0190773,178.493,358.083,203.817,0,0,0,-0,
11.3235,0.326484,0.247028,-9.48706,-0.000119001,0.000684774,-0.00110026,-1.7258e-05,-7.02887e-06,1.56506e-05,0.204951,-0.97854,-0.0094411,0.0191299,178.491,358.076,203.684,0,0,0,-0,
11.3512,0.338488,0.224155,-9.48706,-0.000650957,0.000684673,0.000496279,-1.70856e-05,-6.99742e-06,1.53298e-05,0.204331,-0.978669,-0.00941139,0.0191724,178.495,358.07,203.611,0,0,0,-0,
11.3783,0.312081,0.242453,-9.48706,-0.000118943,0.000152523,0.000496481,-1.64446e-05,-7.22537e-06,1.56286e-05,0.204101,-0.978717,-0.00939607,0.0191775,178.497,358.069,203.585,0,0,0,-0,
11.4088,0.343289,0.240166,-9.47531,-0.00171498,-0.000379322,-0.00163144,-1.69527e-05,-7.08977e-06,1.58672e-05,0.203591,-0.978822,-0.00938005,0.0192205,178.498,358.063,203.525,0,0,0,-0,
11.4361,0.336087,0.244741,-9.48471,0.000945674,0.00015288,-0.00163118,-1.71609e-05,-7.5675e-06,1.57053e-05,0.203463,-0.978848,-0.00937016,0.0192512,178.499,358.059,203.51,0,0,0,-0,
11.4626,0.343289,0.237879,-9.50585,0.000413463,0.000684829,-0.0010988,-1.75473e-05,-7.61372e-06,1.58455e-05,0.203346,-0.978872,-0.00933342,0.0192924,178.502,358.053,203.496,0,0,0,-0,
11.4922,0.355292,0.256177,-9.49881,-0.000650849,-0.00144335,-3.43658e-05,-1.71808e-05,-7.73597e-06,1.53994e-05,0.203465,-0.978847,-0.00932884,0.0193519,178.501,358.046,203.51,0,0,0,-0,
11.5186,0.345689,0.247028,-9.48941,0.00147744,0.000152946,-3.43584e-05,-1.73056e-05,-7.71938e-06,1.51608e-05,0.203525,-0.978833,-0.00930043,0.0193942,178.503,358.041,203.517,0,0,0,-0,
11.5457,0.340888,0.247028,-9.47296,-0.00118297,0.000152845,-3.43509e-05,-1.65993e-05,-7.69299e-06,1.47783e-05,0.203775,-0.978781,-0.00930403,0.0194402,178.501,358.036,203.547,0,0,0,-0,
11.576,0.336087,0.237879,-9.46826,-0.000650749,0.000684775,-0.0010983,-1.66904e-05,-8.03572e-06,1.54334e-05,0.204561,-0.978616,-0.00927408,0.0194609,178.503,358.035,203.639,0,0,0,-0,
11.6036,0.343289,0.242453,-9.46591,-0.000118606,0.000152754,-3.38778e-05,-1.67177e-05,-7.63994e-06,1.54382e-05,0.204833,-0.978559,-0.00925525,0.0194851,178.504,358.032,203.671,0,0,0,-0,
11.6299,0.34809,0.249315,-9.46826,-0.000650691,-0.00144324,-0.00056592,-1.67364e-05,-7.64833e-06,1.56863e-05,0.205001,-0.978524,-0.00923952,0.0195015,178.505,358.03,203.69,0,0,0,-0,
11.6594,0.328885,0.265326,-9.48471,-0.000118341,0.000685159,-3.38592e-05,-1.67447e-05,-7.29837e-06,1.59047e-05,0.204802,-0.978565,-0.00927654,0.0195239,178.501,358.028,203.667,0,0,0,-0,
11.6858,0.326484,0.265326,-9.5035,0.000413543,0.000685059,-0.000565965,-1.70102e-05,-6.91038e-06,1.57363e-05,0.204177,-0.978694,-0.00930538,0.0195571,178.498,358.024,203.594,0,0,0,-0,
11.7116,0.333686,0.258464,-9.48706,-0.000650655,-0.000379138,0.000498269,-1.66646e-05,-7.17739e-06,1.56355e-05,0.203794,-0.978773,-0.00933757,0.019578,178.494,358.022,203.549,0,0,0,-0,
11.7418,0.336087,0.237879,-9.50115,0.000945533,-0.000379,-3.38331e-05,-1.67096e-05,-7.41197e-06,1.62109e-05,0.203666,-0.9788,-0.00930654,0.0195976,178.498,358.019,203.534,0,0,0,-0,
11.7697,0.340888,0.267614,-9.48001,0.000413449,0.00068506,-0.00109779,-1.64735e-05,-7.76009e-06,1.61843e-05,0.20398,-0.978734,-0.00931796,0.0196206,178.495,358.017,203.571,0,0,0,-0,
11.7975,0.328885,0.237879,-9.44947,-0.00065062,-0.000379071,-0.000565544,-1.65789e-05,-7.46354e-06,1.59187e-05,0.204123,-0.978704,-0.00932091,0.0196256,178.495,358.017,203.588,0,0,0,-0,
11.8285,0.340888,0.251603,-9.51525,-0.000650642,0.000153178,0.000498697,-1.7108e-05,-7.47882e-06,1.57643e-05,0.204,-0.97873,-0.00931896,0.0196397,178.495,358.015,203.574,0,0,0,-0,
11.8553,0.360093,0.25389,-9.47531,-0.000650357,-0.00037884,-0.00109751,-1.72532e-05,-7.29126e-06,1.53967e-05,0.203671,-0.978797,-0.00934091,0.0196942,178.492,358.009,203.535,0,0,0,-0,
11.8862,0.336087,0.251603,-9.47296,-0.00011833,-0.000378575,-0.000564937,-1.77382e-05,-7.49124e-06,1.5402e-05,0.203133,-0.978908,-0.00934902,0.0197328,178.491,358.004,203.472,0,0,0,-0,
11.914,0.333686,0.263039,-9.47531,-0.000118237,0.000685612,-0.000564739,-1.76565e-05,-7.29921e-06,1.51649e-05,0.202654,-0.979006,-0.00937708,0.0197557,178.488,358.001,203.416,0,0,0,-0,
11.9409,0.338488,0.249315,-9.49881,0.000413775,0.000153461,-0.000564668,-1.73548e-05,-8.22088e-06,1.55043e-05,0.202968,-0.978941,-0.00934737,0.0197782,178.49,357.998,203.453,0,0,0,-0,
11.9713,0.343289,0.240166,-9.49176,-0.000118487,0.00174936,-0.00056453,-1.69739e-05,-7.59194e-06,1.54782e-05,0.203316,-0.978868,-0.00929283,0.0198241,178.495,357.992,203.494,0,0,0,-0,
11.999,0.331286,0.242453,-9.47296,-0.000118393,0.000684906,-0.000564396,-1.66426e-05,-7.87527e-06,1.57154e-05,0.203723,-0.978783,-0.00926422,0.0198483,178.496,357.99,203.542,0,0,0,-0,
12.0301,0.340888,0.247028,-9.49176,-0.000118287,-0.000379179,0.00103189,-1.6687e-05,-6.70259e-06,1.55906e-05,0.203158,-0.978901,-0.00923845,0.0198812,178.5,357.984,203.475,0,0,0,-0,
12.0582,0.350491,0.258464,-9.49176,-0.000118131,-0.000379022,-0.00109649,-1.69804e-05,-7.0543e-06,1.5778e-05,0.202606,-0.979014,-0.00928008,0.0199068,178.496,357.982,203.411,0,0,0,-0,
12.0843,0.350491,0.233304,-9.47061,-0.000650087,-0.000379058,0.000499792,-1.71635e-05,-7.27754e-06,1.61453e-05,0.202275,-0.979083,-0.00926616,0.0199164,178.498,357.98,203.372,0,0,0,-0,
12.1155,0.343289,0.247028,-9.45887,-0.00118216,-0.000379112,0.000499804,-1.6868e-05,-7.10577e-06,1.62297e-05,0.201791,-0.979182,-0.0092815,0.0199435,178.496,357.976,203.316,0,0,0,-0,
12.1433,0.324084,0.235591,-9.47061,0.000414208,-0.000911133,-0.00162845,-1.6569e-05,-7.30058e-06,1.61987e-05,0.201724,-0.979196,-0.0092721,0.0199282,178.498,357.978,203.308,0,0,0,-0,
12.1728,0.340888,0.231017,-9.46356,-0.000117989,0.000153035,-3.19704e-05,-1.63079e-05,-7.11487e-06,1.58396e-05,0.201675,-0.979205,-0.00924184,0.0199843,178.5,357.971,203.302,0,0,0,-0,
12.2005,0.331286,0.258464,-9.45417,-0.000118025,0.000685176,-0.000563949,-1.70001e-05,-7.06236e-06,1.56865e-05,0.201314,-0.97928,-0.00926035,0.0199573,178.499,357.974,203.26,0,0,0,-0,
12.2269,0.333686,0.25389,-9.49176,-0.000649981,0.000153026,-0.00162785,-1.74536e-05,-7.29415e-06,1.53387e-05,0.20094,-0.979356,-0.00929658,0.0199688,178.496,357.973,203.216,0,0,0,-0,
12.253,0.350491,0.221868,-9.48001,-0.000649888,-0.000911171,-3.15011e-05,-1.77229e-05,-6.91169e-06,1.56156e-05,0.200243,-0.979499,-0.00928,0.0199675,178.499,357.971,203.135,0,0,0,-0,
12.2825,0.336087,0.240166,-9.49411,-0.00118196,-0.000379048,-0.00215956,-1.75197e-05,-7.28367e-06,1.59474e-05,0.19957,-0.979636,-0.00928858,0.0199512,178.5,357.972,203.056,0,0,0,-0,
12.3087,0.340888,0.244741,-9.48941,-0.000117768,-0.00037902,-3.10987e-05,-1.72484e-05,-7.15863e-06,1.57671e-05,0.199229,-0.979706,-0.00928784,0.0199503,178.501,357.972,203.016,0,0,0,-0,
12.3351,0.336087,0.242453,-9.46826,0.000414182,-0.000910914,-0.000563268,-1.70748e-05,-7.07861e-06,1.56518e-05,0.198897,-0.979774,-0.00927255,0.0199362,178.503,357.973,202.977,0,0,0,-0,
12.3611,0.319283,0.247028,-9.49176,-0.00064976,-0.000910757,-0.000563134,-1.69566e-05,-6.50218e-06,1.53352e-05,0.198146,-0.979926,-0.00930714,0.019908,178.502,357.975,202.889,0,0,0,-0,
12.3906,0.345689,0.237879,-9.47061,-0.000117538,-0.000910619,-3.0946e-05,-1.72352e-05,-7.08178e-06,1.50431e-05,0.197447,-0.980067,-0.00930191,0.0199291,178.503,357.972,202.807,0,0,0,-0,
12.4168,0.321683,0.237879,-9.5035,-0.000117445,0.000153504,-3.08752e-05,-1.70722e-05,-7.29296e-06,1.5186e-05,0.197348,-0.980087,-0.00929179,0.0199235,178.505,357.972,202.796,0,0,0,-0,
12.4425,0.340888,0.237879,-9.41657,-0.00118145,-0.000910565,-3.08678e-05,-1.66892e-05,-7.15499e-06,1.57805e-05,0.197326,-0.980091,-0.00929337,0.0199306,178.504,357.971,202.793,0,0,0,-0,
12.4691,0.319283,0.265326,-9.47531,0.000947027,-0.000378363,-0.000562973,-1.645e-05,-7.33023e-06,1.61586e-05,0.197515,-0.980053,-0.00928808,0.0199202,178.505,357.973,202.815,0,0,0,-0,
12.498,0.34809,0.237879,-9.49176,-0.000117218,-0.000910403,-0.00109489,-1.69671e-05,-7.67054e-06,1.61339e-05,0.197857,-0.979984,-0.00928101,0.0199391,178.505,357.971,202.855,0,0,0,-0,
12.5249,0.338488,0.233304,-9.49646,-0.000117317,0.000153847,0.000501398,-1.71421e-05,-6.88317e-06,1.61327e-05,0.197548,-0.980047,-0.00925575,0.0199321,178.508,357.971,202.819,0,0,0,-0,
12.5506,0.333686,0.249315,-9.5129,-0.00118139,-0.00197438,-0.00109468,-1.6749e-05,-7.15998e-06,1.58892e-05,0.197403,-0.980076,-0.00926711,0.0199242,178.507,357.972,202.802,0,0,0,-0,
12.5775,0.352891,0.244741,-9.49646,-0.000117131,-0.00037789,-0.000562433,-1.67669e-05,-7.60655e-06,1.57252e-05,0.197702,-0.980016,-0.00926898,0.0199416,178.506,357.97,202.837,0,0,0,-0,
12.6071,0.340888,0.244741,-9.47061,-0.000116896,-0.000377756,-0.000562105,-1.60661e-05,-7.62332e-06,1.52666e-05,0.198644,-0.979824,-0.00926974,0.0199746,178.503,357.968,202.948,0,0,0,-0,
12.6347,0.355292,0.247028,-9.47531,-0.000116866,-0.0014417,-0.000561908,-1.63378e-05,-7.64513e-06,1.45869e-05,0.19926,-0.979699,-0.00926853,0.0199962,178.502,357.966,203.02,0,0,0,-0,
12.6657,0.321683,0.237879,-9.5082,0.000415288,-0.000377592,-2.97204e-05,-1.65476e-05,-7.44462e-06,1.51426e-05,0.199697,-0.97961,-0.0092459,0.0199897,178.504,357.967,203.071,0,0,0,-0,
12.6921,0.336087,0.256177,-9.48471,-0.000116795,-0.00250576,0.000502337,-1.63639e-05,-7.51745e-06,1.55029e-05,0.200036,-0.979541,-0.0092605,0.0199654,178.502,357.971,203.11,0,0,0,-0,
12.7185,0.362494,0.25389,-9.46591,-0.00064888,-0.000377154,-0.000561755,-1.67828e-05,-7.57953e-06,1.52271e-05,0.200336,-0.97948,-0.00925095,0.0199962,178.502,357.968,203.145,0,0,0,-0,
12.7444,0.360093,0.251603,-9.49646,0.000415245,-0.000377065,-0.00162572,-1.67735e-05,-7.60781e-06,1.57985e-05,0.200633,-0.979419,-0.00922389,0.0200188,178.503,357.965,203.18,0,0,0,-0,
12.7777,0.345689,0.240166,-9.49881,-0.000116633,0.00121928,-0.000561032,-1.60729e-05,-8.33341e-06,1.59684e-05,0.202181,-0.9791,-0.00919104,0.0200656,178.503,357.961,203.361,0,0,0,-0,
12.8036,0.336087,0.244741,-9.48001,0.000415571,0.000687195,-2.87853e-05,-1.68543e-05,-7.84408e-06,1.55215e-05,0.20278,-0.978976,-0.00917103,0.0200609,178.504,357.962,203.432,0,0,0,-0,
12.8326,0.331286,0.25389,-9.46356,-0.00118053,-0.000908813,-0.000560887,-1.73206e-05,-7.55966e-06,1.53516e-05,0.202766,-0.978978,-0.00920987,0.0200831,178.499,357.961,203.43,0,0,0,-0,
12.8592,0.345689,0.242453,-9.48941,0.00041577,0.000155311,-2.87667e-05,-1.71223e-05,-7.59695e-06,1.56308e-05,0.202782,-0.978975,-0.0091781,0.0201,178.502,357.958,203.432,0,0,0,-0,
12.8925,0.338488,0.235591,-9.49646,-0.000648363,-0.000376645,0.00156745,-1.69928e-05,-7.09745e-06,1.53195e-05,0.202462,-0.979041,-0.00916998,0.0200751,178.504,357.96,203.394,0,0,0,-0,
12.9215,0.338488,0.233304,-9.46826,0.000947954,0.00015541,-0.00109285,-1.6876e-05,-7.01632e-06,1.57169e-05,0.201828,-0.979172,-0.00917221,0.0200802,178.505,357.959,203.32,0,0,0,-0,
12.9489,0.350491,0.258464,-9.46121,-0.000116177,0.000155373,-2.85506e-05,-1.6567e-05,-6.71811e-06,1.56278e-05,0.201255,-0.97929,-0.00919889,0.0200839,178.503,357.958,203.253,0,0,0,-0,
12.9778,0.328885,0.247028,-9.48706,-0.000116197,-0.000376604,0.00103562,-1.66613e-05,-7.17748e-06,1.61189e-05,0.200827,-0.979378,-0.00922486,0.0200562,178.502,357.961,203.203,0,0,0,-0,
13.004,0.360093,0.251603,-9.48941,-0.00171231,0.0012195,-0.000560518,-1.64413e-05,-7.34833e-06,1.58804e-05,0.200934,-0.979356,-0.00921226,0.0200925,178.502,357.957,203.216,0,0,0,-0,
13.0386,0.340888,0.235591,-9.51525,0.000416102,-0.000376744,0.000503778,-1.60311e-05,-7.18827e-06,1.57359e-05,0.20111,-0.97932,-0.0091827,0.0200937,178.505,357.956,203.236,0,0,0,-0,
13.07,0.30968,0.249315,-9.49411,0.000416143,0.000155374,-0.000560183,-1.60467e-05,-7.41713e-06,1.52641e-05,0.201616,-0.979216,-0.00914855,0.0200757,178.509,357.958,203.295,0,0,0,-0,
13.1023,0.333686,0.251603,-9.48236,0.00094804,0.000687495,-0.000560109,-1.64003e-05,-7.36925e-06,1.54395e-05,0.20208,-0.979121,-0.00913697,0.0200745,178.509,357.959,203.35,0,0,0,-0,
13.134,0.331286,0.221868,-9.47766,-0.00118011,0.000155389,-2.79844e-05,-1.73061e-05,-7.17897e-06,1.47564e-05,0.201679,-0.979203,-0.00914022,0.0200702,178.509,357.959,203.303,0,0,0,-0,
13.1636,0.350491,0.25389,-9.49176,-0.00117996,-0.000376759,0.00103598,-1.73694e-05,-6.83396e-06,1.50014e-05,0.200958,-0.979351,-0.00916148,0.0200826,178.508,357.957,203.218,0,0,0,-0,
13.1962,0.350491,0.240166,-9.5035,0.000416486,-0.000376431,-2.81632e-05,-1.70887e-05,-7.66135e-06,1.54096e-05,0.201012,-0.97934,-0.00913672,0.0200818,178.511,357.956,203.225,0,0,0,-0,
14.2858,0.336087,0.242453,-9.49881,-0.000647455,-0.000908582,-0.000560205,-1.6709e-05,-7.39447e-06,1.54288e-05,0.201115,-0.979319,-0.00913275,0.0200805,178.511,357.957,203.237,0,0,0,-0,
